x,y,height,slope,buildable,distance_to_road,accessibility,center_score,noise_value,density_potential,green_potential,open_space_potential,state,density,type,is_tower
0,0,0.276,0.08,True,8.746,0.241,0.034,0.563,0.26,0.748,0.637,0,none,forest,False
1,0,0.356,0.08,True,7.906,0.293,0.068,0.603,0.303,0.747,0.67,0,none,forest,False
2,0,0.435,0.079,True,7.106,0.343,0.101,0.513,0.313,0.695,0.62,0,none,forest,False
3,0,0.51,0.075,True,6.364,0.39,0.132,0.645,0.376,0.733,0.711,0,none,forest,False
4,0,0.576,0.066,True,5.701,0.432,0.161,0.669,0.41,0.729,0.733,0,none,forest,False
5,0,0.63,0.054,True,5.148,0.468,0.188,0.705,0.443,0.732,0.761,0,none,forest,False
6,0,0.672,0.049,True,4.743,0.496,0.214,0.381,0.383,0.594,0.558,1,low,residential_low,False
7,0,0.698,0.056,True,4.528,0.515,0.237,0.323,0.384,0.564,0.525,1,low,residential_low,False
8,0,0.708,0.063,True,4.528,0.522,0.257,0.369,0.404,0.581,0.557,1,low,residential_low,False
9,0,0.703,0.07,True,4.743,0.518,0.275,0.438,0.425,0.609,0.603,1,low,residential_low,False
10,0,0.683,0.076,True,5.148,0.504,0.29,0.502,0.439,0.64,0.644,1,low,residential_low,False
11,0,0.65,0.081,True,5.701,0.481,0.302,0.494,0.43,0.644,0.638,1,low,residential_low,False
12,0,0.607,0.085,True,6.364,0.452,0.31,0.427,0.403,0.626,0.594,0,none,forest,False
13,0,0.556,0.088,True,7.106,0.418,0.316,0.363,0.374,0.611,0.55,0,none,forest,False
14,0,0.501,0.09,True,7.906,0.38,0.317,0.272,0.334,0.587,0.489,0,none,forest,False
15,0,0.446,0.09,True,8.746,0.339,0.316,0.399,0.347,0.651,0.567,0,none,forest,False
16,0,0.394,0.088,True,9.618,0.296,0.31,0.478,0.346,0.696,0.614,0,none,forest,False
17,0,0.348,0.085,True,10.118,0.268,0.302,0.604,0.362,0.756,0.691,0,none,forest,False
18,0,0.31,0.081,True,9.431,0.297,0.29,0.471,0.338,0.693,0.607,0,none,forest,False
19,0,0.283,0.076,True,8.744,0.325,0.275,0.413,0.332,0.661,0.571,0,none,forest,False
20,0,0.268,0.07,True,8.058,0.352,0.257,0.326,0.317,0.618,0.516,0,none,forest,False
21,0,0.266,0.063,True,7.371,0.378,0.237,0.472,0.359,0.668,0.609,0,none,forest,False
22,0,0.275,0.057,True,6.684,0.403,0.214,0.543,0.381,0.688,0.655,0,none,forest,False
23,0,0.295,0.049,True,5.998,0.427,0.188,0.539,0.383,0.679,0.652,0,none,forest,False
24,0,0.323,0.043,True,5.315,0.45,0.161,0.473,0.369,0.645,0.609,0,none,forest,False
25,0,0.357,0.036,True,4.717,0.469,0.132,0.482,0.371,0.643,0.613,0,none,forest,False
26,0,0.393,0.036,True,4.272,0.48,0.101,0.506,0.373,0.649,0.626,1,low,residential_low,False
27,0,0.428,0.035,True,4.031,0.48,0.068,0.437,0.346,0.621,0.579,1,low,residential_low,False
28,0,0.459,0.031,True,4.031,0.468,0.034,0.462,0.336,0.635,0.591,0,none,forest,False
29,0,0.482,0.023,True,4.272,0.444,0.0,0.483,0.321,0.651,0.599,0,none,forest,False
0,1,0.29,0.084,True,8.276,0.275,0.068,0.551,0.282,0.732,0.636,0,none,forest,False
1,1,0.374,0.085,True,7.382,0.331,0.103,0.55,0.317,0.685,0.637,0,none,forest,False
2,1,0.459,0.085,True,6.519,0.384,0.137,0.515,0.343,0.654,0.622,0,none,forest,False
3,1,0.539,0.08,True,5.701,0.435,0.17,0.529,0.379,0.643,0.638,0,none,forest,False
4,1,0.611,0.072,True,4.95,0.482,0.2,0.691,0.45,0.693,0.749,0,none,forest,False
5,1,0.673,0.062,True,4.301,0.523,0.229,0.701,0.479,0.684,0.761,0,none,forest,False
6,1,0.721,0.049,True,3.808,0.556,0.256,0.356,0.416,0.535,0.545,1,low,residential_low,False
7,1,0.754,0.056,True,3.536,0.578,0.28,0.28,0.414,0.498,0.501,1,low,residential_low,False
8,1,0.771,0.064,True,3.536,0.585,0.302,0.338,0.438,0.519,0.541,1,low,residential_low,False
9,1,0.773,0.071,True,3.808,0.579,0.321,0.444,0.468,0.563,0.61,1,low,residential_low,False
10,1,0.759,0.078,True,4.301,0.561,0.337,0.391,0.451,0.548,0.576,1,low,residential_low,False
11,1,0.731,0.085,True,4.95,0.534,0.349,0.442,0.456,0.577,0.608,1,low,residential_low,False
12,1,0.692,0.089,True,5.701,0.501,0.359,0.404,0.434,0.572,0.582,1,low,residential_low,False
13,1,0.644,0.093,True,6.519,0.464,0.364,0.398,0.418,0.582,0.575,0,none,forest,False
14,1,0.591,0.094,True,7.382,0.423,0.366,0.238,0.36,0.531,0.47,0,none,forest,False
15,1,0.536,0.094,True,8.276,0.379,0.364,0.401,0.38,0.61,0.57,0,none,forest,False
16,1,0.482,0.093,True,9.192,0.333,0.359,0.467,0.374,0.651,0.609,0,none,forest,False
17,1,0.433,0.089,True,9.391,0.32,0.349,0.558,0.388,0.692,0.665,0,none,forest,False
18,1,0.391,0.085,True,8.704,0.349,0.337,0.464,0.374,0.645,0.606,0,none,forest,False
19,1,0.359,0.079,True,8.017,0.376,0.321,0.416,0.369,0.617,0.576,0,none,forest,False
20,1,0.338,0.072,True,7.331,0.403,0.302,0.317,0.351,0.569,0.513,0,none,forest,False
21,1,0.329,0.064,True,6.644,0.428,0.28,0.424,0.383,0.603,0.581,0,none,forest,False
22,1,0.332,0.057,True,5.957,0.453,0.256,0.481,0.401,0.618,0.617,0,none,forest,False
23,1,0.344,0.049,True,5.271,0.476,0.229,0.575,0.427,0.649,0.677,0,none,forest,False
24,1,0.366,0.043,True,4.584,0.499,0.2,0.578,0.429,0.642,0.678,1,low,residential_low,False
25,1,0.392,0.035,True,3.905,0.521,0.17,0.514,0.414,0.61,0.635,1,low,residential_low,False
26,1,0.422,0.03,True,3.354,0.537,0.137,0.467,0.4,0.586,0.604,1,low,residential_low,False
27,1,0.451,0.029,True,3.041,0.54,0.103,0.453,0.387,0.579,0.592,1,low,residential_low,False
28,1,0.477,0.026,True,3.041,0.527,0.068,0.514,0.386,0.608,0.626,1,low,residential_low,False
29,1,0.495,0.018,True,3.354,0.5,0.032,0.491,0.357,0.636,0.612,1,low,residential_low,False
0,2,0.297,0.09,True,7.906,0.305,0.101,0.514,0.296,0.708,0.617,0,none,forest,False
1,2,0.387,0.09,True,6.964,0.363,0.137,0.562,0.345,0.679,0.65,0,none,forest,False
2,2,0.477,0.09,True,6.042,0.419,0.172,0.458,0.355,0.591,0.586,1,low,residential_low,False
3,2,0.563,0.086,True,5.148,0.474,0.206,0.559,0.415,0.614,0.658,1,low,residential_low,False
4,2,0.643,0.08,True,4.301,0.526,0.238,0.605,0.459,0.615,0.695,1,low,residential_low,False
5,2,0.712,0.069,True,3.536,0.574,0.269,0.722,0.519,0.647,0.777,1,low,residential_low,False
6,2,0.769,0.057,True,2.915,0.613,0.297,0.318,0.444,0.473,0.524,1,low,residential_low,False
7,2,0.81,0.056,True,2.55,0.64,0.323,0.311,0.463,0.461,0.524,1,low,residential_low,False
8,2,0.835,0.065,True,2.55,0.648,0.346,0.282,0.466,0.447,0.508,1,low,residential_low,False
9,2,0.844,0.074,True,2.915,0.638,0.366,0.356,0.486,0.48,0.557,1,low,residential_low,False
10,2,0.837,0.081,True,3.536,0.614,0.383,0.334,0.475,0.479,0.542,1,low,residential_low,False
11,2,0.816,0.087,True,4.301,0.582,0.397,0.328,0.463,0.487,0.537,1,low,residential_low,False
12,2,0.781,0.093,True,5.148,0.544,0.407,0.336,0.451,0.502,0.54,1,low,residential_low,False
13,2,0.737,0.097,True,6.042,0.504,0.413,0.309,0.428,0.504,0.52,1,low,residential_low,False
14,2,0.685,0.099,True,6.964,0.46,0.415,0.251,0.394,0.495,0.48,1,low,residential_low,False
15,2,0.63,0.099,True,7.906,0.414,0.413,0.449,0.422,0.589,0.603,1,low,residential_low,False
16,2,0.575,0.096,True,8.86,0.366,0.407,0.531,0.419,0.637,0.651,1,low,residential_low,False
17,2,0.522,0.093,True,8.664,0.372,0.397,0.6,0.436,0.663,0.695,1,low,residential_low,False
18,2,0.476,0.088,True,7.977,0.4,0.383,0.471,0.413,0.602,0.613,1,low,residential_low,False
19,2,0.438,0.081,True,7.29,0.427,0.366,0.504,0.428,0.607,0.635,1,low,residential_low,False
20,2,0.41,0.073,True,6.604,0.453,0.346,0.369,0.4,0.544,0.548,1,low,residential_low,False
21,2,0.393,0.065,True,5.917,0.478,0.323,0.476,0.431,0.579,0.617,1,low,residential_low,False
22,2,0.388,0.056,True,5.23,0.502,0.297,0.489,0.437,0.577,0.624,1,low,residential_low,False
23,2,0.392,0.048,True,4.544,0.525,0.269,0.566,0.458,0.6,0.673,1,low,residential_low,False
24,2,0.405,0.039,True,3.857,0.548,0.238,0.625,0.474,0.616,0.709,1,low,residential_low,False
25,2,0.424,0.032,True,3.171,0.569,0.206,0.548,0.455,0.579,0.659,1,low,residential_low,False
26,2,0.447,0.025,True,2.5,0.59,0.172,0.503,0.443,0.554,0.628,1,low,residential_low,False
27,2,0.469,0.022,True,2.062,0.599,0.137,0.497,0.435,0.549,0.622,1,low,residential_low,False
28,2,0.489,0.02,True,2.062,0.586,0.101,0.59,0.441,0.619,0.683,1,low,residential_low,False
29,2,0.502,0.013,True,2.5,0.552,0.063,0.516,0.396,0.63,0.635,1,low,residential_low,False
0,3,0.297,0.096,True,7.649,0.328,0.132,0.481,0.307,0.687,0.601,0,none,forest,False
1,3,0.393,0.097,True,6.671,0.388,0.17,0.441,0.336,0.623,0.578,0,none,forest,False
2,3,0.49,0.097,True,5.701,0.448,0.206,0.451,0.376,0.579,0.587,1,low,residential_low,False
3,3,0.584,0.094,True,4.743,0.506,0.241,0.261,0.365,0.455,0.468,1,low,residential_low,False
4,3,0.672,0.088,True,3.808,0.563,0.275,0.325,0.417,0.462,0.516,1,low,residential_low,False
5,3,0.75,0.078,True,2.915,0.617,0.307,0.337,0.454,0.45,0.531,1,low,residential_low,False
6,3,0.815,0.065,True,2.121,0.666,0.337,0.536,0.535,0.514,0.666,1,low,residential_low,False
7,3,0.866,0.056,True,1.581,0.701,0.364,0.486,0.546,0.483,0.639,1,low,residential_low,False
8,3,0.9,0.066,True,1.581,0.71,0.389,0.51,0.564,0.489,0.657,1,low,residential_low,False
9,3,0.918,0.075,True,2.121,0.692,0.411,0.567,0.576,0.518,0.695,1,low,residential_low,False
10,3,0.918,0.084,True,2.915,0.66,0.429,0.497,0.55,0.5,0.649,1,low,residential_low,False
11,3,0.903,0.091,True,3.808,0.622,0.444,0.512,0.541,0.518,0.657,1,low,residential_low,False
12,3,0.874,0.097,True,4.743,0.581,0.455,0.525,0.529,0.537,0.663,1,low,residential_low,False
13,3,0.834,0.1,True,5.701,0.537,0.461,0.52,0.51,0.549,0.657,1,low,residential_low,False
14,3,0.784,0.103,True,6.671,0.491,0.464,0.506,0.487,0.558,0.645,1,low,residential_low,False
15,3,0.729,0.102,True,7.649,0.443,0.461,0.65,0.5,0.631,0.733,1,low,residential_low,False
16,3,0.671,0.101,True,8.623,0.394,0.455,0.743,0.499,0.684,0.788,0,none,forest,False
17,3,0.615,0.097,True,7.937,0.423,0.444,0.751,0.511,0.678,0.794,1,low,residential_low,False
18,3,0.564,0.09,True,7.25,0.451,0.429,0.75,0.519,0.668,0.794,1,low,residential_low,False
19,3,0.519,0.083,True,6.563,0.478,0.411,0.766,0.53,0.666,0.805,1,low,residential_low,False
20,3,0.483,0.075,True,5.877,0.503,0.389,0.734,0.527,0.645,0.784,1,low,residential_low,False
21,3,0.458,0.066,True,5.19,0.528,0.364,0.397,0.446,0.502,0.568,1,low,residential_low,False
22,3,0.443,0.056,True,4.503,0.551,0.337,0.359,0.439,0.48,0.543,1,low,residential_low,False
23,3,0.439,0.047,True,3.817,0.574,0.307,0.384,0.446,0.482,0.558,1,low,residential_low,False
24,3,0.443,0.038,True,3.13,0.596,0.275,0.543,0.486,0.539,0.659,1,low,residential_low,False
25,3,0.453,0.029,True,2.444,0.617,0.241,0.577,0.494,0.546,0.679,1,low,residential_low,False
26,3,0.467,0.02,True,1.757,0.638,0.206,0.574,0.492,0.538,0.675,1,low,residential_low,False
27,3,0.483,0.016,True,1.118,0.656,0.17,0.732,0.529,0.625,0.78,1,low,residential_low,False
28,3,0.496,0.013,True,1.118,0.642,0.132,0.754,0.517,0.667,0.795,1,low,residential_low,False
29,3,0.503,0.007,True,1.803,0.596,0.093,0.73,0.479,0.701,0.778,0,none,forest,False
0,4,0.293,0.102,True,7.517,0.344,0.161,0.499,0.328,0.69,0.617,0,none,forest,False
1,4,0.395,0.104,True,6.519,0.406,0.2,0.49,0.365,0.637,0.614,0,none,forest,False
2,4,0.499,0.104,True,5.523,0.467,0.238,0.458,0.396,0.575,0.596,1,low,residential_low,False
3,4,0.601,0.102,True,4.528,0.528,0.275,0.407,0.422,0.506,0.566,1,low,residential_low,False
4,4,0.698,0.097,True,3.536,0.588,0.31,0.393,0.456,0.452,0.559,1,low,residential_low,False
5,4,0.785,0.087,True,2.55,0.648,0.344,0.389,0.492,0.432,0.565,1,low,residential_low,False
6,4,0.861,0.076,True,1.581,0.705,0.375,0.488,0.552,0.453,0.636,1,low,residential_low,False
7,4,0.921,0.06,True,0.707,0.758,0.405,0.505,0.589,0.443,0.648,1,low,residential_low,False
8,4,0.966,0.066,True,0.707,0.767,0.431,0.52,0.605,0.446,0.651,1,low,residential_low,False
9,4,0.993,0.076,True,1.581,0.733,0.455,0.616,0.62,0.495,0.702,1,low,residential_low,False
10,4,1.002,0.085,True,2.55,0.693,0.475,0.564,0.595,0.487,0.683,1,low,residential_low,False
11,4,0.994,0.093,True,3.536,0.652,0.491,0.484,0.562,0.468,0.64,1,low,residential_low,False
12,4,0.971,0.099,True,4.526,0.608,0.503,0.492,0.547,0.486,0.643,1,low,residential_low,False
13,4,0.934,0.104,True,5.517,0.563,0.51,0.538,0.541,0.518,0.669,1,low,residential_low,False
14,4,0.887,0.105,True,6.508,0.516,0.512,0.569,0.528,0.546,0.686,1,low,residential_low,False
15,4,0.831,0.106,True,7.499,0.467,0.51,0.695,0.537,0.612,0.762,1,low,residential_low,False
16,4,0.772,0.104,True,7.896,0.446,0.503,0.731,0.534,0.633,0.783,1,low,residential_low,False
17,4,0.712,0.099,True,7.21,0.475,0.491,0.731,0.544,0.624,0.784,1,low,residential_low,False
18,4,0.654,0.093,True,6.523,0.502,0.475,0.66,0.533,0.587,0.739,1,low,residential_low,False
19,4,0.602,0.086,True,5.836,0.528,0.455,0.671,0.542,0.583,0.746,1,low,residential_low,False
20,4,0.558,0.076,True,5.15,0.553,0.431,0.645,0.539,0.564,0.73,1,low,residential_low,False
21,4,0.524,0.066,True,4.463,0.577,0.405,0.436,0.49,0.473,0.595,1,low,residential_low,False
22,4,0.499,0.056,True,3.776,0.6,0.375,0.43,0.49,0.463,0.59,1,low,residential_low,False
23,4,0.484,0.045,True,3.09,0.622,0.344,0.429,0.49,0.456,0.588,1,low,residential_low,False
24,4,0.478,0.035,True,2.403,0.643,0.31,0.539,0.517,0.493,0.657,1,low,residential_low,False
25,4,0.479,0.026,True,1.717,0.664,0.275,0.523,0.512,0.48,0.645,1,low,residential_low,False
26,4,0.485,0.018,True,1.03,0.684,0.238,0.569,0.522,0.521,0.679,1,low,residential_low,False
27,4,0.492,0.009,True,0.343,0.704,0.2,0.676,0.546,0.587,0.751,1,low,residential_low,False
28,4,0.497,0.005,True,0.5,0.682,0.161,0.696,0.529,0.631,0.764,1,low,residential_low,False
29,4,0.499,0.009,True,1.5,0.62,0.121,0.677,0.485,0.672,0.749,1,low,residential_low,False
0,5,0.284,0.109,True,7.517,0.354,0.188,0.471,0.334,0.675,0.602,0,none,forest,False
1,5,0.393,0.112,True,6.519,0.416,0.229,0.498,0.38,0.637,0.623,0,none,forest,False
2,5,0.505,0.112,True,5.523,0.478,0.269,0.535,0.429,0.603,0.649,1,low,residential_low,False
3,5,0.616,0.111,True,4.528,0.539,0.307,0.406,0.436,0.502,0.569,1,low,residential_low,False
4,5,0.722,0.106,True,3.535,0.6,0.344,0.497,0.497,0.49,0.63,1,low,residential_low,False
5,5,0.819,0.097,True,2.545,0.66,0.379,0.445,0.522,0.421,0.599,1,low,residential_low,False
6,5,0.905,0.086,True,1.554,0.72,0.413,0.554,0.586,0.445,0.673,1,low,residential_low,False
7,5,0.977,0.072,True,0.563,0.778,0.444,0.515,0.612,0.411,0.639,1,low,residential_low,False
8,5,1.032,0.066,True,0.428,0.795,0.473,0.485,0.621,0.394,0.619,1,low,residential_low,False
9,5,1.069,0.076,True,1.419,0.756,0.498,0.628,0.647,0.463,0.693,1,low,residential_low,False
10,5,1.087,0.086,True,2.41,0.716,0.52,0.592,0.626,0.462,0.682,1,low,residential_low,False
11,5,1.087,0.095,True,3.4,0.674,0.537,0.515,0.593,0.444,0.652,1,low,residential_low,False
12,5,1.07,0.101,True,4.391,0.631,0.55,0.465,0.565,0.438,0.626,1,low,residential_low,False
13,5,1.038,0.105,True,5.382,0.586,0.558,0.557,0.57,0.489,0.682,1,low,residential_low,False
14,5,0.992,0.108,True,6.373,0.54,0.561,0.657,0.576,0.544,0.743,1,low,residential_low,False
15,5,0.937,0.108,True,7.364,0.491,0.558,0.752,0.576,0.598,0.799,1,low,residential_low,False
16,5,0.876,0.105,True,7.169,0.497,0.55,0.696,0.563,0.574,0.763,1,low,residential_low,False
17,5,0.811,0.101,True,6.483,0.526,0.537,0.669,0.565,0.553,0.747,1,low,residential_low,False
18,5,0.747,0.095,True,5.796,0.553,0.52,0.61,0.557,0.521,0.71,1,low,residential_low,False
19,5,0.688,0.086,True,5.109,0.578,0.498,0.587,0.556,0.504,0.695,1,low,residential_low,False
20,5,0.634,0.077,True,4.423,0.602,0.473,0.548,0.55,0.481,0.669,1,low,residential_low,False
21,5,0.59,0.066,True,3.736,0.626,0.444,0.396,0.514,0.412,0.571,1,low,residential_low,False
22,5,0.554,0.055,True,3.049,0.648,0.413,0.445,0.527,0.425,0.602,1,low,residential_low,False
23,5,0.529,0.045,True,2.363,0.669,0.379,0.479,0.535,0.432,0.622,1,low,residential_low,False
24,5,0.512,0.034,True,1.676,0.69,0.344,0.595,0.562,0.471,0.694,1,low,residential_low,False
25,5,0.503,0.024,True,0.99,0.71,0.307,0.527,0.543,0.467,0.655,1,low,residential_low,False
26,5,0.499,0.014,True,0.303,0.729,0.269,0.539,0.543,0.495,0.666,1,low,residential_low,False
27,5,0.497,0.005,True,0.384,0.712,0.229,0.69,0.562,0.59,0.763,1,low,residential_low,False
28,5,0.495,0.005,True,1.07,0.664,0.188,0.701,0.531,0.639,0.768,1,low,residential_low,False
29,5,0.49,0.012,True,1.803,0.615,0.147,0.644,0.482,0.661,0.73,1,low,residential_low,False
0,6,0.272,0.116,True,7.634,0.357,0.214,0.543,0.361,0.703,0.651,0,none,forest,False
1,6,0.388,0.12,True,6.643,0.42,0.256,0.572,0.409,0.665,0.673,0,none,forest,False
2,6,0.508,0.12,True,5.652,0.482,0.297,0.54,0.441,0.603,0.655,1,low,residential_low,False
3,6,0.628,0.12,True,4.661,0.543,0.337,0.508,0.472,0.542,0.638,1,low,residential_low,False
4,6,0.744,0.116,True,3.671,0.605,0.375,0.536,0.519,0.504,0.659,1,low,residential_low,False
5,6,0.852,0.108,True,2.68,0.665,0.413,0.578,0.568,0.473,0.688,1,low,residential_low,False
6,6,0.949,0.097,True,1.689,0.726,0.448,0.745,0.647,0.491,0.754,1,low,residential_low,False
7,6,1.032,0.083,True,0.698,0.785,0.482,0.627,0.654,0.425,0.682,1,low,residential_low,False
8,6,1.098,0.066,True,0.293,0.815,0.512,0.543,0.656,0.381,0.633,1,low,residential_low,False
9,6,1.145,0.076,True,1.284,0.777,0.54,0.348,0.599,0.316,0.544,1,low,residential_low,False
10,6,1.173,0.086,True,2.274,0.738,0.564,0.423,0.607,0.358,0.586,1,low,residential_low,False
11,6,1.182,0.095,True,3.265,0.697,0.583,0.416,0.593,0.368,0.589,1,low,residential_low,False
12,6,1.171,0.101,True,4.256,0.654,0.598,0.302,0.549,0.337,0.522,1,low,residential_low,False
13,6,1.143,0.105,True,5.247,0.61,0.607,0.349,0.544,0.369,0.55,1,low,residential_low,False
14,6,1.1,0.108,True,6.238,0.563,0.61,0.41,0.539,0.409,0.585,1,low,residential_low,False
15,6,1.045,0.108,True,7.129,0.519,0.607,0.363,0.506,0.404,0.551,2,medium,residential_medium,False
16,6,0.981,0.105,True,6.442,0.549,0.598,0.315,0.505,0.375,0.522,2,medium,residential_medium,False
17,6,0.912,0.101,True,5.756,0.577,0.583,0.324,0.516,0.37,0.529,2,medium,residential_medium,False
18,6,0.842,0.095,True,5.069,0.603,0.564,0.575,0.584,0.462,0.687,2,medium,residential_medium,False
19,6,0.774,0.086,True,4.382,0.628,0.54,0.547,0.581,0.443,0.671,2,medium,residential_medium,False
20,6,0.711,0.077,True,3.696,0.651,0.512,0.525,0.578,0.427,0.657,2,medium,residential_medium,False
21,6,0.656,0.066,True,3.009,0.674,0.482,0.514,0.576,0.415,0.649,1,low,residential_low,False
22,6,0.609,0.055,True,2.322,0.695,0.448,0.575,0.591,0.433,0.679,1,low,residential_low,False
23,6,0.573,0.044,True,1.636,0.716,0.413,0.638,0.606,0.451,0.708,1,low,residential_low,False
24,6,0.545,0.033,True,0.949,0.736,0.375,0.547,0.581,0.437,0.67,1,low,residential_low,False
25,6,0.525,0.022,True,0.263,0.755,0.337,0.511,0.569,0.446,0.651,1,low,residential_low,False
26,6,0.511,0.014,True,0.424,0.733,0.297,0.507,0.546,0.481,0.649,1,low,residential_low,False
27,6,0.5,0.011,True,1.111,0.686,0.256,0.646,0.547,0.581,0.736,1,low,residential_low,False
28,6,0.49,0.012,True,1.797,0.638,0.214,0.671,0.519,0.635,0.75,1,low,residential_low,False
29,6,0.478,0.014,True,2.484,0.59,0.171,0.635,0.476,0.665,0.724,1,low,residential_low,False
0,7,0.258,0.123,True,7.769,0.359,0.237,0.61,0.385,0.729,0.696,0,none,forest,False
1,7,0.381,0.128,True,6.778,0.422,0.28,0.542,0.409,0.653,0.656,0,none,forest,False
2,7,0.509,0.129,True,5.787,0.484,0.323,0.523,0.445,0.596,0.647,1,low,residential_low,False
3,7,0.638,0.129,True,4.797,0.547,0.364,0.437,0.465,0.512,0.595,1,low,residential_low,False
4,7,0.764,0.126,True,3.806,0.608,0.405,0.516,0.524,0.495,0.649,1,low,residential_low,False
5,7,0.883,0.119,True,2.815,0.67,0.444,0.563,0.575,0.465,0.682,2,medium,residential_medium,False
6,7,0.992,0.109,True,1.824,0.731,0.482,0.721,0.654,0.479,0.738,2,medium,residential_medium,False
7,7,1.086,0.094,True,0.833,0.791,0.517,0.708,0.688,0.426,0.71,2,medium,residential_medium,False
8,7,1.163,0.077,True,0.158,0.835,0.55,0.548,0.678,0.348,0.621,2,medium,residential_medium,False
9,7,1.221,0.076,True,1.148,0.798,0.58,0.327,0.615,0.271,0.52,2,medium,residential_medium,False
10,7,1.259,0.086,True,2.139,0.759,0.607,0.364,0.615,0.299,0.543,1,low,residential_low,False
11,7,1.276,0.094,True,3.13,0.719,0.629,0.52,0.642,0.374,0.624,1,low,residential_low,False
12,7,1.271,0.1,True,4.121,0.677,0.645,0.452,0.611,0.36,0.599,1,low,residential_low,False
13,7,1.248,0.105,True,5.112,0.633,0.655,0.432,0.589,0.366,0.598,2,medium,residential_medium,False
14,7,1.207,0.107,True,6.103,0.587,0.659,0.368,0.554,0.355,0.559,2,medium,residential_medium,False
15,7,1.152,0.107,True,6.402,0.571,0.655,0.321,0.534,0.342,0.528,1,low,residential_low,False
16,7,1.086,0.105,True,5.715,0.601,0.645,0.233,0.522,0.297,0.473,2,medium,residential_medium,False
17,7,1.012,0.1,True,5.029,0.628,0.629,0.286,0.543,0.309,0.507,2,medium,residential_medium,False
18,7,0.936,0.094,True,4.342,0.653,0.607,0.58,0.621,0.419,0.669,3,high,urban_high,False
19,7,0.859,0.085,True,3.655,0.677,0.58,0.59,0.626,0.415,0.671,3,high,urban_high,False
20,7,0.787,0.076,True,2.969,0.7,0.55,0.58,0.625,0.404,0.665,3,high,urban_high,False
21,7,0.721,0.066,True,2.282,0.721,0.517,0.563,0.62,0.39,0.655,3,high,urban_high,False
22,7,0.663,0.058,True,1.595,0.742,0.482,0.522,0.609,0.367,0.635,2,medium,residential_medium,False
23,7,0.615,0.048,True,0.909,0.762,0.444,0.538,0.611,0.396,0.648,1,low,residential_low,False
24,7,0.576,0.039,True,0.222,0.781,0.405,0.535,0.607,0.418,0.652,1,low,residential_low,False
25,7,0.546,0.03,True,0.464,0.755,0.364,0.523,0.58,0.451,0.661,1,low,residential_low,False
26,7,0.522,0.024,True,1.151,0.707,0.323,0.507,0.542,0.489,0.649,1,low,residential_low,False
27,7,0.502,0.02,True,1.838,0.66,0.28,0.624,0.537,0.58,0.722,1,low,residential_low,False
28,7,0.483,0.019,True,2.524,0.611,0.237,0.661,0.511,0.64,0.743,1,low,residential_low,False
29,7,0.464,0.019,True,3.211,0.563,0.193,0.625,0.467,0.67,0.718,1,low,residential_low,False
0,8,0.243,0.13,True,7.904,0.359,0.257,0.596,0.388,0.724,0.689,0,none,forest,False
1,8,0.373,0.136,True,6.913,0.423,0.302,0.529,0.413,0.647,0.65,0,none,forest,False
2,8,0.509,0.139,True,5.922,0.486,0.346,0.452,0.435,0.567,0.604,1,low,residential_low,False
3,8,0.648,0.139,True,4.932,0.549,0.389,0.463,0.479,0.522,0.614,1,low,residential_low,False
4,8,0.784,0.136,True,3.941,0.611,0.431,0.49,0.527,0.484,0.635,2,medium,residential_medium,False
5,8,0.913,0.129,True,2.95,0.673,0.473,0.501,0.57,0.439,0.645,2,medium,residential_medium,False
6,8,1.033,0.12,True,1.959,0.735,0.512,0.685,0.656,0.464,0.717,3,high,urban_high,False
7,8,1.138,0.105,True,0.968,0.796,0.55,0.715,0.702,0.427,0.71,3,high,urban_high,False
8,8,1.226,0.088,True,0.023,0.854,0.586,0.658,0.725,0.357,0.661,3,high,urban_high,False
9,8,1.295,0.074,True,1.013,0.818,0.619,0.355,0.643,0.247,0.52,2,medium,residential_medium,False
10,8,1.342,0.083,True,2.004,0.78,0.648,0.363,0.636,0.262,0.529,3,high,urban_high,False
11,8,1.367,0.091,True,2.995,0.741,0.673,0.536,0.669,0.344,0.617,3,high,urban_high,False
12,8,1.369,0.098,True,3.986,0.7,0.692,0.495,0.646,0.341,0.605,2,medium,residential_medium,False
13,8,1.35,0.102,True,4.977,0.657,0.703,0.516,0.636,0.363,0.622,3,high,urban_high,False
14,8,1.312,0.105,True,5.967,0.61,0.707,0.453,0.6,0.353,0.602,3,high,urban_high,False
15,8,1.257,0.105,True,5.651,0.624,0.703,0.286,0.563,0.281,0.508,2,medium,residential_medium,False
16,8,1.188,0.102,True,4.988,0.652,0.692,0.272,0.569,0.267,0.5,2,medium,residential_medium,False
17,8,1.11,0.098,True,4.301,0.678,0.673,0.261,0.572,0.254,0.494,3,high,urban_high,False
18,8,1.027,0.091,True,3.615,0.703,0.648,0.535,0.645,0.356,0.627,3,high,urban_high,False
19,8,0.943,0.084,True,2.928,0.726,0.619,0.596,0.661,0.373,0.655,3,high,urban_high,False
20,8,0.861,0.082,True,2.242,0.747,0.586,0.615,0.666,0.374,0.662,4,high,tower_candidate,True
21,8,0.784,0.077,True,1.555,0.768,0.55,0.523,0.641,0.33,0.617,3,high,urban_high,False
22,8,0.716,0.068,True,0.868,0.788,0.512,0.48,0.628,0.336,0.602,3,high,urban_high,False
23,8,0.656,0.06,True,0.182,0.807,0.473,0.503,0.631,0.368,0.619,3,high,urban_high,False
24,8,0.606,0.05,True,0.505,0.777,0.431,0.506,0.606,0.408,0.636,1,low,residential_low,False
25,8,0.565,0.041,True,1.191,0.729,0.389,0.51,0.572,0.454,0.653,1,low,residential_low,False
26,8,0.531,0.034,True,1.878,0.681,0.346,0.509,0.537,0.498,0.65,1,low,residential_low,False
27,8,0.502,0.029,True,2.565,0.632,0.302,0.565,0.516,0.565,0.684,1,low,residential_low,False
28,8,0.476,0.027,True,3.251,0.583,0.257,0.622,0.495,0.633,0.718,1,low,residential_low,False
29,8,0.449,0.027,True,3.938,0.535,0.212,0.588,0.451,0.664,0.694,1,low,residential_low,False
0,9,0.229,0.136,True,8.039,0.359,0.275,0.636,0.403,0.74,0.717,0,none,forest,False
1,9,0.365,0.144,True,7.048,0.423,0.321,0.573,0.43,0.665,0.68,0,none,forest,False
2,9,0.509,0.147,True,6.058,0.486,0.366,0.598,0.478,0.625,0.699,1,low,residential_low,False
3,9,0.656,0.147,True,5.067,0.55,0.411,0.48,0.491,0.528,0.628,2,medium,residential_medium,False
4,9,0.801,0.145,True,4.076,0.613,0.455,0.45,0.525,0.467,0.612,2,medium,residential_medium,False
5,9,0.941,0.14,True,3.085,0.676,0.498,0.408,0.556,0.401,0.588,2,medium,residential_medium,False
6,9,1.071,0.13,True,2.094,0.738,0.54,0.283,0.565,0.302,0.511,3,high,urban_high,False
7,9,1.187,0.116,True,1.103,0.8,0.58,0.437,0.643,0.315,0.572,3,high,urban_high,False
8,9,1.286,0.099,True,0.113,0.861,0.619,0.374,0.667,0.241,0.52,2,medium,residential_medium,False
9,9,1.364,0.078,True,0.878,0.837,0.655,0.351,0.661,0.21,0.505,2,medium,residential_medium,False
10,9,1.42,0.078,True,1.869,0.801,0.688,0.323,0.648,0.21,0.496,3,high,urban_high,False
11,9,1.453,0.086,True,2.86,0.763,0.716,0.333,0.641,0.227,0.506,3,high,urban_high,False
12,9,1.461,0.092,True,3.851,0.723,0.737,0.395,0.645,0.264,0.542,3,high,urban_high,False
13,9,1.447,0.097,True,4.842,0.68,0.751,0.454,0.645,0.301,0.577,3,high,urban_high,False
14,9,1.41,0.098,True,5.291,0.66,0.756,0.42,0.629,0.294,0.565,5,none,plaza,False
15,9,1.355,0.098,True,4.787,0.682,0.751,0.671,0.7,0.388,0.681,5,none,plaza,False
16,9,1.285,0.097,True,4.261,0.703,0.737,0.605,0.689,0.355,0.646,3,high,urban_high,False
17,9,1.202,0.092,True,3.574,0.728,0.716,0.554,0.681,0.326,0.619,5,none,plaza,False
18,9,1.113,0.092,True,2.888,0.752,0.688,0.393,0.643,0.254,0.539,3,high,urban_high,False
19,9,1.021,0.092,True,2.201,0.773,0.655,0.44,0.654,0.266,0.561,3,high,urban_high,False
20,9,0.93,0.091,True,1.515,0.794,0.619,0.52,0.673,0.291,0.598,3,high,urban_high,False
21,9,0.844,0.086,True,0.828,0.813,0.58,0.338,0.624,0.242,0.516,3,high,urban_high,False
22,9,0.765,0.079,True,0.141,0.832,0.54,0.297,0.611,0.248,0.502,3,high,urban_high,False
23,9,0.695,0.07,True,0.545,0.798,0.498,0.267,0.575,0.276,0.502,3,high,urban_high,False
24,9,0.634,0.061,True,1.232,0.75,0.455,0.416,0.578,0.381,0.595,1,low,residential_low,False
25,9,0.583,0.051,True,1.919,0.701,0.411,0.449,0.551,0.439,0.614,1,low,residential_low,False
26,9,0.539,0.044,True,2.605,0.653,0.366,0.466,0.52,0.49,0.623,1,low,residential_low,False
27,9,0.502,0.037,True,3.292,0.604,0.321,0.343,0.454,0.486,0.541,1,low,residential_low,False
28,9,0.468,0.034,True,3.978,0.555,0.275,0.383,0.428,0.546,0.564,1,low,residential_low,False
29,9,0.434,0.034,True,4.665,0.506,0.229,0.391,0.394,0.594,0.567,1,low,residential_low,False
0,10,0.215,0.143,True,8.174,0.358,0.29,0.562,0.389,0.71,0.671,0,none,forest,False
1,10,0.358,0.151,True,7.184,0.422,0.337,0.565,0.432,0.662,0.676,0,none,forest,False
2,10,0.509,0.155,True,6.193,0.486,0.383,0.577,0.478,0.617,0.688,1,low,residential_low,False
3,10,0.664,0.155,True,5.202,0.55,0.429,0.45,0.489,0.517,0.61,2,medium,residential_medium,False
4,10,0.817,0.153,True,4.211,0.613,0.475,0.392,0.516,0.444,0.577,2,medium,residential_medium,False
5,10,0.966,0.149,True,3.22,0.677,0.52,0.345,0.547,0.376,0.55,2,medium,residential_medium,False
6,10,1.106,0.14,True,2.229,0.74,0.564,0.287,0.574,0.303,0.516,3,high,urban_high,False
7,10,1.231,0.125,True,1.239,0.803,0.607,0.394,0.642,0.296,0.549,3,high,urban_high,False
8,10,1.34,0.109,True,0.248,0.865,0.648,0.417,0.688,0.257,0.537,3,high,urban_high,False
9,10,1.427,0.087,True,0.743,0.855,0.688,0.379,0.686,0.216,0.511,5,none,plaza,False
10,10,1.491,0.071,True,1.734,0.82,0.724,0.285,0.657,0.172,0.466,3,high,urban_high,False
11,10,1.531,0.078,True,2.725,0.783,0.756,0.335,0.663,0.203,0.495,2,medium,residential_medium,False
12,10,1.545,0.084,True,3.716,0.745,0.782,0.268,0.637,0.189,0.468,3,high,urban_high,False
13,10,1.534,0.087,True,4.706,0.703,0.799,0.35,0.644,0.235,0.515,3,high,urban_high,False
14,10,1.5,0.09,True,4.427,0.719,0.805,0.335,0.649,0.224,0.504,3,high,urban_high,False
15,10,1.445,0.09,True,3.923,0.741,0.799,0.626,0.73,0.333,0.639,3,high,urban_high,False
16,10,1.372,0.087,True,3.419,0.759,0.782,0.628,0.733,0.328,0.638,3,high,urban_high,False
17,10,1.286,0.095,True,2.847,0.778,0.756,0.589,0.724,0.307,0.618,3,high,urban_high,False
18,10,1.191,0.099,True,2.161,0.799,0.724,0.438,0.686,0.24,0.544,3,high,urban_high,False
19,10,1.092,0.099,True,1.474,0.82,0.688,0.477,0.695,0.248,0.562,5,none,plaza,False
20,10,0.993,0.099,True,0.788,0.839,0.648,0.537,0.706,0.284,0.594,3,high,urban_high,False
21,10,0.898,0.095,True,0.101,0.858,0.607,0.383,0.664,0.245,0.526,3,high,urban_high,False
22,10,0.809,0.089,True,0.586,0.819,0.564,0.31,0.615,0.258,0.509,3,high,urban_high,False
23,10,0.729,0.08,True,1.272,0.771,0.52,0.246,0.564,0.277,0.488,2,medium,residential_medium,False
24,10,0.659,0.07,True,1.959,0.722,0.475,0.325,0.549,0.353,0.537,2,medium,residential_medium,False
25,10,0.599,0.06,True,2.646,0.673,0.429,0.301,0.507,0.388,0.519,2,medium,residential_medium,False
26,10,0.547,0.052,True,3.332,0.624,0.383,0.379,0.49,0.464,0.566,2,medium,residential_medium,False
27,10,0.502,0.045,True,4.019,0.574,0.337,0.312,0.437,0.483,0.521,1,low,residential_low,False
28,10,0.461,0.041,True,4.705,0.525,0.29,0.365,0.414,0.549,0.552,1,low,residential_low,False
29,10,0.421,0.04,True,5.392,0.475,0.243,0.396,0.386,0.606,0.569,0,none,forest,False
0,11,0.204,0.148,True,8.309,0.356,0.302,0.624,0.407,0.736,0.711,0,none,forest,False
1,11,0.352,0.157,True,7.319,0.42,0.349,0.619,0.449,0.684,0.712,0,none,forest,False
2,11,0.509,0.161,True,6.328,0.484,0.397,0.608,0.489,0.63,0.709,2,medium,residential_medium,False
3,11,0.67,0.162,True,5.337,0.548,0.444,0.401,0.48,0.498,0.58,2,medium,residential_medium,False
4,11,0.832,0.162,True,4.346,0.613,0.491,0.393,0.521,0.444,0.579,2,medium,residential_medium,False
5,11,0.988,0.156,True,3.355,0.677,0.537,0.352,0.554,0.378,0.556,3,high,urban_high,False
6,11,1.136,0.148,True,2.364,0.74,0.583,0.314,0.587,0.314,0.531,3,high,urban_high,False
7,11,1.27,0.134,True,1.374,0.804,0.629,0.358,0.64,0.282,0.529,3,high,urban_high,False
8,11,1.386,0.116,True,0.383,0.867,0.673,0.349,0.679,0.229,0.502,3,high,urban_high,False
9,11,1.481,0.095,True,0.608,0.871,0.716,0.313,0.685,0.184,0.473,3,high,urban_high,False
10,11,1.553,0.072,True,1.599,0.838,0.756,0.247,0.666,0.151,0.441,2,medium,residential_medium,False
11,11,1.598,0.067,True,2.59,0.803,0.793,0.285,0.671,0.177,0.463,3,high,urban_high,False
12,11,1.617,0.072,True,3.58,0.766,0.824,0.28,0.662,0.187,0.466,2,medium,residential_medium,False
13,11,1.609,0.075,True,4.067,0.75,0.846,0.268,0.658,0.187,0.461,5,none,plaza,False
14,11,1.577,0.077,True,3.563,0.777,0.854,0.242,0.666,0.168,0.442,2,medium,residential_medium,False
15,11,1.522,0.077,True,3.059,0.799,0.846,0.593,0.762,0.302,0.607,3,high,urban_high,False
16,11,1.447,0.089,True,2.555,0.815,0.824,0.593,0.762,0.296,0.606,3,high,urban_high,False
17,11,1.358,0.1,True,2.051,0.829,0.793,0.595,0.76,0.293,0.607,3,high,urban_high,False
18,11,1.258,0.105,True,1.434,0.846,0.756,0.46,0.723,0.233,0.542,3,high,urban_high,False
19,11,1.153,0.106,True,0.747,0.865,0.716,0.532,0.737,0.256,0.576,3,high,urban_high,False
20,11,1.047,0.106,True,0.061,0.883,0.673,0.546,0.736,0.273,0.587,5,none,plaza,False
21,11,0.944,0.103,True,0.626,0.84,0.629,0.441,0.677,0.274,0.556,5,none,plaza,False
22,11,0.847,0.097,True,1.313,0.791,0.583,0.346,0.617,0.281,0.53,3,high,urban_high,False
23,11,0.759,0.088,True,1.999,0.742,0.537,0.261,0.56,0.292,0.497,2,medium,residential_medium,False
24,11,0.681,0.078,True,2.686,0.692,0.491,0.304,0.535,0.354,0.522,2,medium,residential_medium,False
25,11,0.613,0.068,True,3.373,0.643,0.444,0.273,0.491,0.387,0.5,2,medium,residential_medium,False
26,11,0.554,0.059,True,4.059,0.593,0.397,0.36,0.476,0.467,0.553,2,medium,residential_medium,False
27,11,0.502,0.052,True,4.746,0.544,0.349,0.311,0.427,0.492,0.519,1,low,residential_low,False
28,11,0.455,0.047,True,5.432,0.494,0.302,0.403,0.414,0.574,0.575,1,low,residential_low,False
29,11,0.41,0.045,True,6.119,0.444,0.254,0.42,0.381,0.626,0.583,0,none,forest,False
0,12,0.196,0.152,True,8.445,0.352,0.31,0.722,0.432,0.776,0.774,0,none,forest,False
1,12,0.348,0.162,True,7.454,0.417,0.359,0.736,0.479,0.732,0.787,0,none,forest,False
2,12,0.51,0.166,True,6.463,0.481,0.407,0.688,0.51,0.663,0.761,1,low,residential_low,False
3,12,0.676,0.167,True,5.472,0.546,0.455,0.616,0.536,0.584,0.718,2,medium,residential_medium,False
4,12,0.843,0.167,True,4.481,0.61,0.503,0.568,0.567,0.515,0.692,3,high,urban_high,False
5,12,1.006,0.163,True,3.49,0.675,0.55,0.637,0.628,0.493,0.709,5,none,plaza,False
6,12,1.16,0.154,True,2.5,0.739,0.598,0.675,0.681,0.459,0.703,3,high,urban_high,False
7,12,1.301,0.141,True,1.509,0.803,0.645,0.657,0.719,0.402,0.671,5,none,plaza,False
8,12,1.423,0.122,True,0.518,0.867,0.692,0.59,0.745,0.325,0.615,3,high,urban_high,False
9,12,1.525,0.102,True,0.473,0.885,0.737,0.472,0.737,0.243,0.545,3,high,urban_high,False
10,12,1.602,0.077,True,1.464,0.853,0.782,0.449,0.731,0.227,0.533,5,none,plaza,False
11,12,1.652,0.054,True,2.455,0.82,0.824,0.473,0.735,0.247,0.547,3,high,urban_high,False
12,12,1.675,0.058,True,3.445,0.786,0.862,0.402,0.713,0.229,0.516,3,high,urban_high,False
13,12,1.67,0.061,True,3.203,0.808,0.891,0.412,0.734,0.226,0.514,3,high,urban_high,False
14,12,1.638,0.061,True,2.699,0.836,0.902,0.365,0.738,0.198,0.484,2,medium,residential_medium,False
15,12,1.583,0.076,True,2.195,0.856,0.891,0.569,0.795,0.274,0.579,3,high,urban_high,False
16,12,1.507,0.091,True,1.692,0.87,0.862,0.555,0.789,0.264,0.572,3,high,urban_high,False
17,12,1.416,0.104,True,1.188,0.881,0.824,0.546,0.78,0.256,0.569,3,high,urban_high,False
18,12,1.312,0.11,True,0.684,0.891,0.782,0.429,0.743,0.206,0.515,3,high,urban_high,False
19,12,1.202,0.111,True,0.02,0.907,0.737,0.447,0.741,0.209,0.525,3,high,urban_high,False
20,12,1.091,0.111,True,0.666,0.86,0.692,0.511,0.722,0.267,0.573,3,high,urban_high,False
21,12,0.981,0.11,True,1.353,0.811,0.645,0.698,0.733,0.386,0.683,3,high,urban_high,False
22,12,0.878,0.103,True,2.04,0.761,0.598,0.676,0.691,0.423,0.694,3,high,urban_high,False
23,12,0.784,0.094,True,2.726,0.711,0.55,0.573,0.628,0.427,0.665,3,high,urban_high,False
24,12,0.699,0.085,True,3.413,0.662,0.503,0.447,0.56,0.421,0.613,2,medium,residential_medium,False
25,12,0.625,0.074,True,4.1,0.612,0.455,0.483,0.533,0.481,0.633,2,medium,residential_medium,False
26,12,0.559,0.066,True,4.786,0.562,0.407,0.48,0.495,0.525,0.628,2,medium,residential_medium,False
27,12,0.502,0.057,True,5.473,0.512,0.359,0.509,0.465,0.581,0.644,1,low,residential_low,False
28,12,0.451,0.051,True,6.159,0.462,0.31,0.564,0.442,0.649,0.676,0,none,forest,False
29,12,0.402,0.049,True,6.846,0.412,0.262,0.554,0.403,0.69,0.667,0,none,forest,False
0,13,0.191,0.155,True,7.632,0.393,0.316,0.713,0.45,0.759,0.772,0,none,forest,False
1,13,0.346,0.165,True,7.159,0.433,0.364,0.708,0.481,0.715,0.771,0,none,forest,False
2,13,0.511,0.17,True,6.598,0.477,0.413,0.726,0.52,0.679,0.785,5,none,plaza,False
3,13,0.681,0.171,True,5.607,0.542,0.461,0.63,0.54,0.591,0.728,3,high,urban_high,False
4,13,0.852,0.171,True,4.616,0.606,0.51,0.699,0.6,0.569,0.763,3,high,urban_high,False
5,13,1.019,0.167,True,3.626,0.671,0.558,0.66,0.634,0.503,0.72,1,low,residential_low,False
6,13,1.178,0.159,True,2.635,0.736,0.607,0.725,0.695,0.479,0.727,1,low,residential_low,False
7,13,1.323,0.145,True,1.644,0.8,0.655,0.633,0.715,0.393,0.659,3,high,urban_high,False
8,13,1.45,0.127,True,0.653,0.865,0.703,0.547,0.737,0.309,0.594,3,high,urban_high,False
9,13,1.556,0.106,True,0.338,0.897,0.751,0.506,0.756,0.253,0.557,3,high,urban_high,False
10,13,1.636,0.08,True,1.329,0.866,0.799,0.464,0.745,0.228,0.535,3,high,urban_high,False
11,13,1.69,0.054,True,2.319,0.834,0.846,0.52,0.759,0.261,0.565,3,high,urban_high,False
12,13,1.715,0.04,True,2.843,0.825,0.891,0.338,0.723,0.191,0.475,4,high,tower_candidate,True
13,13,1.712,0.042,True,2.339,0.863,0.931,0.439,0.777,0.219,0.511,3,high,urban_high,False
14,13,1.682,0.056,True,1.836,0.895,0.951,0.421,0.793,0.202,0.494,3,high,urban_high,False
15,13,1.626,0.076,True,1.332,0.912,0.931,0.604,0.841,0.27,0.58,5,none,plaza,False
16,13,1.55,0.094,True,0.828,0.922,0.891,0.63,0.84,0.277,0.595,3,high,urban_high,False
17,13,1.456,0.106,True,0.324,0.93,0.846,0.615,0.826,0.268,0.59,4,high,tower_candidate,True
18,13,1.35,0.113,True,0.18,0.921,0.799,0.427,0.761,0.196,0.506,3,high,urban_high,False
19,13,1.237,0.116,True,0.088,0.909,0.751,0.478,0.754,0.22,0.538,5,none,plaza,False
20,13,1.121,0.116,True,0.877,0.854,0.703,0.453,0.709,0.245,0.545,3,high,urban_high,False
21,13,1.008,0.113,True,1.666,0.799,0.655,0.696,0.73,0.389,0.684,3,high,urban_high,False
22,13,0.9,0.108,True,2.456,0.744,0.607,0.685,0.688,0.432,0.701,3,high,urban_high,False
23,13,0.801,0.099,True,3.245,0.689,0.558,0.642,0.638,0.461,0.702,5,none,plaza,False
24,13,0.712,0.089,True,4.034,0.634,0.51,0.489,0.561,0.447,0.638,3,high,urban_high,False
25,13,0.633,0.079,True,4.824,0.579,0.461,0.517,0.528,0.505,0.653,2,medium,residential_medium,False
26,13,0.564,0.069,True,5.513,0.529,0.413,0.571,0.505,0.572,0.684,2,medium,residential_medium,False
27,13,0.503,0.061,True,6.2,0.479,0.364,0.554,0.463,0.61,0.671,2,medium,residential_medium,False
28,13,0.448,0.055,True,6.886,0.429,0.316,0.605,0.439,0.676,0.7,0,none,forest,False
29,13,0.397,0.051,True,7.573,0.379,0.267,0.604,0.402,0.72,0.697,0,none,forest,False
0,14,0.189,0.157,True,6.801,0.434,0.317,0.673,0.459,0.73,0.75,0,none,forest,False
1,14,0.346,0.166,True,6.265,0.476,0.366,0.667,0.491,0.685,0.749,0,none,forest,False
2,14,0.512,0.172,True,5.852,0.513,0.415,0.642,0.516,0.634,0.734,2,medium,residential_medium,False
3,14,0.684,0.174,True,5.59,0.543,0.464,0.63,0.541,0.591,0.728,2,medium,residential_medium,False
4,14,0.858,0.174,True,4.751,0.601,0.512,0.67,0.592,0.559,0.75,3,high,urban_high,False
5,14,1.027,0.169,True,3.761,0.665,0.561,0.753,0.656,0.543,0.766,3,high,urban_high,False
6,14,1.188,0.161,True,2.77,0.73,0.61,0.787,0.708,0.506,0.758,1,low,residential_low,False
7,14,1.335,0.147,True,1.779,0.795,0.659,0.699,0.73,0.421,0.692,3,high,urban_high,False
8,14,1.465,0.13,True,0.788,0.86,0.707,0.66,0.764,0.355,0.649,4,high,tower_candidate,True
9,14,1.573,0.108,True,0.203,0.905,0.756,0.524,0.765,0.258,0.564,3,high,urban_high,False
10,14,1.655,0.082,True,1.193,0.874,0.805,0.548,0.772,0.26,0.574,5,none,plaza,False
11,14,1.711,0.056,True,2.184,0.844,0.854,0.555,0.775,0.272,0.578,3,high,urban_high,False
12,14,1.737,0.026,True,1.979,0.871,0.902,0.43,0.77,0.213,0.508,3,high,urban_high,False
13,14,1.735,0.03,True,1.476,0.912,0.951,0.412,0.799,0.193,0.486,3,high,urban_high,False
14,14,1.705,0.055,True,0.972,0.953,1.0,0.419,0.834,0.183,0.476,3,high,urban_high,False
15,14,1.65,0.077,True,0.468,0.96,0.951,0.636,0.876,0.267,0.584,3,high,urban_high,False
16,14,1.573,0.095,True,0.036,0.964,0.902,0.618,0.859,0.259,0.579,3,high,urban_high,False
17,14,1.478,0.107,True,0.54,0.923,0.854,0.636,0.83,0.279,0.601,3,high,urban_high,False
18,14,1.371,0.115,True,1.044,0.881,0.805,0.429,0.745,0.21,0.515,3,high,urban_high,False
19,14,1.256,0.118,True,0.526,0.889,0.756,0.463,0.743,0.221,0.534,3,high,urban_high,False
20,14,1.138,0.118,True,0.263,0.885,0.707,0.435,0.719,0.228,0.53,3,high,urban_high,False
21,14,1.023,0.115,True,1.052,0.83,0.659,0.669,0.738,0.369,0.664,4,high,tower_candidate,True
22,14,0.913,0.11,True,1.842,0.775,0.61,0.7,0.707,0.428,0.701,3,high,urban_high,False
23,14,0.811,0.102,True,2.631,0.72,0.561,0.657,0.657,0.457,0.702,3,high,urban_high,False
24,14,0.72,0.091,True,3.421,0.665,0.512,0.522,0.583,0.45,0.659,5,none,plaza,False
25,14,0.639,0.081,True,4.21,0.61,0.464,0.517,0.543,0.495,0.655,2,medium,residential_medium,False
26,14,0.568,0.071,True,4.986,0.555,0.415,0.507,0.501,0.538,0.646,2,medium,residential_medium,False
27,14,0.505,0.063,True,5.738,0.502,0.366,0.559,0.475,0.605,0.676,1,low,residential_low,False
28,14,0.448,0.057,True,6.491,0.449,0.317,0.585,0.443,0.661,0.689,0,none,forest,False
29,14,0.395,0.053,True,7.244,0.395,0.269,0.549,0.396,0.693,0.663,0,none,forest,False
0,15,0.192,0.156,True,6.021,0.471,0.316,0.724,0.488,0.739,0.786,0,none,forest,False
1,15,0.348,0.166,True,5.408,0.517,0.364,0.679,0.512,0.677,0.759,1,low,residential_low,False
2,15,0.514,0.173,True,4.924,0.557,0.413,0.629,0.532,0.615,0.729,5,none,plaza,False
3,15,0.687,0.173,True,4.61,0.59,0.461,0.346,0.49,0.462,0.55,1,low,residential_low,False
4,15,0.86,0.173,True,4.5,0.612,0.51,0.453,0.542,0.469,0.619,2,medium,residential_medium,False
5,15,1.029,0.169,True,3.896,0.658,0.558,0.562,0.604,0.468,0.676,5,none,plaza,False
6,15,1.19,0.161,True,2.905,0.723,0.607,0.577,0.652,0.424,0.659,3,high,urban_high,False
7,15,1.337,0.147,True,1.914,0.787,0.655,0.519,0.68,0.352,0.607,3,high,urban_high,False
8,15,1.467,0.13,True,0.923,0.852,0.703,0.392,0.692,0.251,0.522,3,high,urban_high,False
9,15,1.575,0.108,True,0.068,0.91,0.751,0.304,0.711,0.168,0.458,3,high,urban_high,False
10,15,1.657,0.082,True,1.058,0.879,0.799,0.281,0.705,0.151,0.445,3,high,urban_high,False
11,15,1.713,0.056,True,1.691,0.865,0.846,0.447,0.755,0.222,0.523,3,high,urban_high,False
12,15,1.739,0.026,True,1.116,0.908,0.891,0.484,0.797,0.223,0.528,3,high,urban_high,False
13,15,1.737,0.03,True,0.612,0.946,0.931,0.493,0.828,0.214,0.52,5,none,plaza,False
14,15,1.707,0.055,True,0.108,0.978,0.951,0.475,0.844,0.197,0.503,3,high,urban_high,False
15,15,1.652,0.077,True,0.396,0.957,0.931,0.651,0.873,0.274,0.594,3,high,urban_high,False
16,15,1.575,0.095,True,0.9,0.919,0.891,0.645,0.842,0.284,0.603,5,none,plaza,False
17,15,1.48,0.107,True,1.404,0.878,0.846,0.574,0.792,0.269,0.581,3,high,urban_high,False
18,15,1.373,0.115,True,1.908,0.838,0.799,0.471,0.735,0.24,0.545,3,high,urban_high,False
19,15,1.258,0.118,True,1.14,0.858,0.751,0.445,0.723,0.223,0.533,3,high,urban_high,False
20,15,1.14,0.118,True,0.351,0.879,0.703,0.472,0.725,0.245,0.549,3,high,urban_high,False
21,15,1.025,0.115,True,0.439,0.858,0.655,0.387,0.679,0.247,0.523,3,high,urban_high,False
22,15,0.915,0.11,True,1.228,0.803,0.607,0.345,0.63,0.277,0.525,3,high,urban_high,False
23,15,0.813,0.102,True,2.017,0.748,0.558,0.369,0.596,0.333,0.559,2,medium,residential_medium,False
24,15,0.722,0.091,True,2.807,0.693,0.51,0.626,0.621,0.483,0.704,3,high,urban_high,False
25,15,0.641,0.081,True,3.575,0.639,0.461,0.656,0.59,0.541,0.74,3,high,urban_high,False
26,15,0.57,0.071,True,4.327,0.586,0.413,0.641,0.548,0.581,0.734,2,medium,residential_medium,False
27,15,0.507,0.063,True,5.08,0.533,0.364,0.408,0.451,0.534,0.581,1,low,residential_low,False
28,15,0.45,0.057,True,5.832,0.48,0.316,0.427,0.417,0.588,0.591,1,low,residential_low,False
29,15,0.397,0.053,True,6.585,0.426,0.267,0.412,0.375,0.628,0.578,0,none,forest,False
0,16,0.197,0.155,True,5.315,0.503,0.31,0.754,0.508,0.741,0.807,0,none,forest,False
1,16,0.352,0.165,True,4.61,0.554,0.359,0.702,0.532,0.674,0.777,5,none,plaza,False
2,16,0.517,0.17,True,4.031,0.598,0.407,0.584,0.537,0.584,0.703,1,low,residential_low,False
3,16,0.687,0.171,True,3.64,0.634,0.455,0.287,0.493,0.424,0.515,1,low,residential_low,False
4,16,0.858,0.171,True,3.5,0.657,0.503,0.391,0.544,0.429,0.582,2,medium,residential_medium,False
5,16,1.025,0.167,True,3.554,0.672,0.55,0.517,0.597,0.446,0.652,3,high,urban_high,False
6,16,1.184,0.159,True,2.621,0.733,0.598,0.566,0.651,0.417,0.652,3,high,urban_high,False
7,16,1.329,0.145,True,1.687,0.795,0.645,0.402,0.652,0.302,0.55,3,high,urban_high,False
8,16,1.456,0.127,True,0.754,0.856,0.692,0.296,0.667,0.211,0.477,3,high,urban_high,False
9,16,1.562,0.106,True,0.179,0.899,0.737,0.196,0.675,0.128,0.409,3,high,urban_high,False
10,16,1.643,0.081,True,1.113,0.87,0.782,0.327,0.708,0.172,0.471,3,high,urban_high,False
11,16,1.696,0.053,True,0.882,0.896,0.824,0.367,0.742,0.18,0.48,3,high,urban_high,False
12,16,1.721,0.036,True,0.294,0.938,0.862,0.547,0.817,0.239,0.554,3,high,urban_high,False
13,16,1.718,0.038,True,0.252,0.95,0.891,0.494,0.818,0.214,0.524,5,none,plaza,False
14,16,1.688,0.055,True,0.756,0.929,0.902,0.513,0.817,0.228,0.536,3,high,urban_high,False
15,16,1.633,0.077,True,1.26,0.901,0.891,0.662,0.838,0.296,0.614,3,high,urban_high,False
16,16,1.556,0.094,True,1.764,0.867,0.862,0.639,0.809,0.298,0.613,3,high,urban_high,False
17,16,1.462,0.106,True,2.267,0.829,0.824,0.568,0.762,0.282,0.591,3,high,urban_high,False
18,16,1.356,0.113,True,2.543,0.801,0.782,0.382,0.691,0.216,0.511,3,high,urban_high,False
19,16,1.243,0.115,True,1.754,0.824,0.737,0.488,0.714,0.252,0.562,3,high,urban_high,False
20,16,1.128,0.115,True,0.965,0.846,0.692,0.459,0.703,0.25,0.551,3,high,urban_high,False
21,16,1.014,0.114,True,0.175,0.867,0.645,0.406,0.685,0.252,0.532,3,high,urban_high,False
22,16,0.907,0.107,True,0.614,0.83,0.598,0.367,0.645,0.277,0.531,3,high,urban_high,False
23,16,0.807,0.1,True,1.403,0.775,0.55,0.386,0.61,0.331,0.562,3,high,urban_high,False
24,16,0.718,0.089,True,2.164,0.722,0.503,0.653,0.639,0.484,0.711,3,high,urban_high,False
25,16,0.64,0.078,True,2.916,0.669,0.455,0.648,0.599,0.528,0.73,3,high,urban_high,False
26,16,0.571,0.069,True,3.669,0.616,0.407,0.709,0.576,0.599,0.779,2,medium,residential_medium,False
27,16,0.51,0.061,True,4.421,0.563,0.359,0.416,0.465,0.528,0.588,2,medium,residential_medium,False
28,16,0.455,0.055,True,5.174,0.51,0.31,0.417,0.427,0.574,0.586,1,low,residential_low,False
29,16,0.403,0.052,True,5.927,0.456,0.262,0.411,0.387,0.618,0.579,0,none,forest,False
0,17,0.206,0.152,True,4.717,0.529,0.302,0.751,0.516,0.731,0.806,0,none,forest,False
1,17,0.358,0.162,True,3.905,0.584,0.349,0.673,0.536,0.653,0.76,1,low,residential_low,False
2,17,0.52,0.166,True,3.202,0.635,0.397,0.599,0.555,0.578,0.715,1,low,residential_low,False
3,17,0.686,0.167,True,2.693,0.676,0.444,0.295,0.511,0.414,0.522,1,low,residential_low,False
4,17,0.853,0.167,True,2.5,0.701,0.491,0.383,0.558,0.412,0.579,2,medium,residential_medium,False
5,17,1.016,0.163,True,2.63,0.711,0.537,0.456,0.595,0.409,0.616,3,high,urban_high,False
6,17,1.17,0.154,True,2.262,0.745,0.583,0.429,0.618,0.358,0.586,5,none,plaza,False
7,17,1.311,0.141,True,1.328,0.806,0.629,0.283,0.622,0.251,0.493,3,high,urban_high,False
8,17,1.434,0.123,True,0.395,0.866,0.673,0.265,0.658,0.196,0.461,3,high,urban_high,False
9,17,1.535,0.101,True,0.538,0.875,0.716,0.225,0.665,0.148,0.43,3,high,urban_high,False
10,17,1.612,0.077,True,0.662,0.883,0.756,0.31,0.702,0.161,0.462,3,high,urban_high,False
11,17,1.662,0.05,True,0.074,0.924,0.793,0.383,0.749,0.178,0.485,4,high,tower_candidate,True
12,17,1.685,0.054,True,0.354,0.921,0.824,0.463,0.777,0.21,0.521,3,high,urban_high,False
13,17,1.68,0.057,True,1.061,0.895,0.846,0.478,0.776,0.225,0.532,5,none,plaza,False
14,17,1.648,0.058,True,1.62,0.871,0.854,0.533,0.781,0.254,0.562,3,high,urban_high,False
15,17,1.593,0.075,True,2.123,0.844,0.846,0.703,0.809,0.331,0.65,4,high,tower_candidate,True
16,17,1.518,0.092,True,2.627,0.812,0.824,0.707,0.789,0.343,0.661,3,high,urban_high,False
17,17,1.426,0.104,True,3.131,0.777,0.793,0.619,0.742,0.319,0.629,3,high,urban_high,False
18,17,1.322,0.11,True,3.157,0.763,0.756,0.498,0.695,0.275,0.577,3,high,urban_high,False
19,17,1.212,0.111,True,2.368,0.786,0.716,0.485,0.69,0.262,0.57,3,high,urban_high,False
20,17,1.101,0.111,True,1.579,0.809,0.673,0.509,0.693,0.282,0.585,3,high,urban_high,False
21,17,0.992,0.109,True,0.789,0.832,0.629,0.411,0.666,0.265,0.543,5,none,plaza,False
22,17,0.888,0.104,True,0.0,0.854,0.583,0.443,0.67,0.3,0.564,3,high,urban_high,False
23,17,0.794,0.094,True,0.753,0.802,0.537,0.445,0.633,0.346,0.586,3,high,urban_high,False
24,17,0.709,0.085,True,1.505,0.749,0.491,0.651,0.647,0.475,0.706,3,high,urban_high,False
25,17,0.635,0.074,True,2.258,0.697,0.444,0.673,0.615,0.529,0.738,3,high,urban_high,False
26,17,0.57,0.065,True,3.01,0.644,0.397,0.699,0.584,0.586,0.772,3,high,urban_high,False
27,17,0.512,0.058,True,3.763,0.591,0.349,0.425,0.477,0.523,0.596,2,medium,residential_medium,False
28,17,0.461,0.051,True,4.515,0.538,0.302,0.377,0.427,0.549,0.562,1,low,residential_low,False
29,17,0.412,0.049,True,5.268,0.485,0.254,0.396,0.393,0.603,0.571,1,low,residential_low,False
0,18,0.218,0.148,True,4.272,0.546,0.29,0.508,0.46,0.628,0.651,1,low,residential_low,False
1,18,0.366,0.157,True,3.354,0.606,0.337,0.481,0.494,0.569,0.637,1,low,residential_low,False
2,18,0.523,0.161,True,2.5,0.664,0.383,0.403,0.514,0.49,0.591,1,low,residential_low,False
3,18,0.684,0.161,True,1.803,0.713,0.429,0.606,0.601,0.527,0.709,1,low,residential_low,False
4,18,0.845,0.161,True,1.5,0.744,0.475,0.657,0.641,0.508,0.717,1,low,residential_low,False
5,18,1.002,0.157,True,1.644,0.753,0.52,0.644,0.656,0.471,0.699,2,medium,residential_medium,False
6,18,1.149,0.147,True,1.808,0.76,0.564,0.596,0.66,0.42,0.664,3,high,urban_high,False
7,18,1.283,0.134,True,0.969,0.816,0.607,0.489,0.672,0.33,0.592,3,high,urban_high,False
8,18,1.4,0.117,True,0.036,0.875,0.648,0.515,0.717,0.293,0.582,3,high,urban_high,False
9,18,1.495,0.095,True,0.441,0.869,0.688,0.214,0.651,0.145,0.429,3,high,urban_high,False
10,18,1.566,0.071,True,0.147,0.896,0.724,0.321,0.701,0.162,0.468,3,high,urban_high,False
11,18,1.612,0.065,True,0.354,0.898,0.756,0.306,0.707,0.155,0.457,3,high,urban_high,False
12,18,1.631,0.07,True,1.061,0.873,0.782,0.428,0.734,0.212,0.518,3,high,urban_high,False
13,18,1.623,0.073,True,1.768,0.845,0.799,0.377,0.714,0.2,0.498,3,high,urban_high,False
14,18,1.59,0.074,True,2.475,0.813,0.805,0.484,0.728,0.253,0.556,3,high,urban_high,False
15,18,1.535,0.074,True,2.987,0.786,0.799,0.714,0.772,0.354,0.672,3,high,urban_high,False
16,18,1.461,0.089,True,3.491,0.756,0.782,0.757,0.764,0.381,0.701,3,high,urban_high,False
17,18,1.372,0.1,True,3.995,0.722,0.756,0.72,0.732,0.377,0.692,3,high,urban_high,False
18,18,1.272,0.105,True,3.771,0.722,0.724,0.614,0.696,0.335,0.645,3,high,urban_high,False
19,18,1.167,0.106,True,2.982,0.747,0.688,0.552,0.68,0.302,0.613,5,none,plaza,False
20,18,1.061,0.106,True,2.193,0.771,0.648,0.527,0.673,0.302,0.603,3,high,urban_high,False
21,18,0.958,0.103,True,1.411,0.794,0.607,0.713,0.718,0.398,0.698,3,high,urban_high,False
22,18,0.861,0.097,True,0.659,0.816,0.564,0.734,0.72,0.428,0.713,3,high,urban_high,False
23,18,0.773,0.088,True,0.094,0.827,0.52,0.793,0.726,0.478,0.749,4,high,tower_candidate,True
24,18,0.695,0.078,True,0.847,0.775,0.475,0.453,0.604,0.387,0.607,5,none,plaza,False
25,18,0.626,0.069,True,1.599,0.723,0.429,0.419,0.559,0.42,0.598,3,high,urban_high,False
26,18,0.567,0.059,True,2.352,0.671,0.383,0.41,0.519,0.462,0.59,3,high,urban_high,False
27,18,0.515,0.052,True,3.104,0.618,0.337,0.503,0.505,0.545,0.646,2,medium,residential_medium,False
28,18,0.468,0.047,True,3.857,0.566,0.29,0.539,0.476,0.605,0.667,1,low,residential_low,False
29,18,0.423,0.045,True,4.61,0.513,0.243,0.481,0.424,0.628,0.627,1,low,residential_low,False
0,19,0.231,0.143,True,4.031,0.552,0.275,0.487,0.453,0.618,0.637,1,low,residential_low,False
1,19,0.374,0.151,True,3.041,0.616,0.321,0.473,0.492,0.563,0.631,1,low,residential_low,False
2,19,0.525,0.155,True,2.062,0.679,0.366,0.481,0.536,0.517,0.64,1,low,residential_low,False
3,19,0.68,0.155,True,1.118,0.74,0.411,0.638,0.616,0.531,0.721,1,low,residential_low,False
4,19,0.834,0.154,True,0.5,0.785,0.455,0.664,0.656,0.498,0.714,1,low,residential_low,False
5,19,0.983,0.149,True,0.658,0.793,0.498,0.578,0.651,0.432,0.661,1,low,residential_low,False
6,19,1.122,0.139,True,0.822,0.799,0.54,0.585,0.668,0.403,0.653,1,low,residential_low,False
7,19,1.248,0.126,True,0.61,0.824,0.58,0.531,0.678,0.345,0.613,3,high,urban_high,False
8,19,1.356,0.108,True,0.221,0.856,0.619,0.544,0.707,0.31,0.603,3,high,urban_high,False
9,19,1.443,0.087,True,0.354,0.862,0.655,0.188,0.631,0.137,0.421,3,high,urban_high,False
10,19,1.508,0.069,True,0.354,0.874,0.688,0.25,0.662,0.14,0.442,3,high,urban_high,False
11,19,1.547,0.076,True,1.061,0.849,0.716,0.255,0.66,0.15,0.447,2,medium,residential_medium,False
12,19,1.561,0.081,True,1.768,0.823,0.737,0.362,0.682,0.201,0.501,3,high,urban_high,False
13,19,1.55,0.085,True,2.475,0.794,0.751,0.366,0.674,0.212,0.508,3,high,urban_high,False
14,19,1.516,0.088,True,3.182,0.761,0.756,0.396,0.668,0.235,0.529,5,none,plaza,False
15,19,1.461,0.088,True,3.851,0.728,0.751,0.625,0.709,0.337,0.646,5,none,plaza,False
16,19,1.388,0.086,True,4.355,0.698,0.737,0.693,0.709,0.374,0.686,3,high,urban_high,False
17,19,1.302,0.095,True,4.859,0.667,0.716,0.664,0.681,0.372,0.681,3,high,urban_high,False
18,19,1.207,0.099,True,4.385,0.68,0.688,0.542,0.648,0.319,0.622,3,high,urban_high,False
19,19,1.108,0.099,True,3.596,0.706,0.655,0.53,0.647,0.306,0.614,3,high,urban_high,False
20,19,1.009,0.099,True,2.822,0.731,0.619,0.504,0.641,0.305,0.604,5,none,plaza,False
21,19,0.914,0.095,True,2.07,0.754,0.58,0.615,0.667,0.371,0.662,5,none,plaza,False
22,19,0.825,0.089,True,1.317,0.776,0.54,0.688,0.683,0.423,0.702,3,high,urban_high,False
23,19,0.745,0.08,True,0.564,0.797,0.498,0.707,0.685,0.453,0.716,3,high,urban_high,False
24,19,0.675,0.07,True,0.188,0.8,0.455,0.438,0.606,0.373,0.597,3,high,urban_high,False
25,19,0.615,0.06,True,0.941,0.748,0.411,0.42,0.565,0.412,0.599,2,medium,residential_medium,False
26,19,0.563,0.052,True,1.693,0.697,0.366,0.361,0.514,0.434,0.559,2,medium,residential_medium,False
27,19,0.518,0.045,True,2.446,0.645,0.321,0.444,0.497,0.513,0.609,2,medium,residential_medium,False
28,19,0.477,0.041,True,3.202,0.592,0.275,0.459,0.464,0.565,0.616,1,low,residential_low,False
29,19,0.437,0.04,True,4.031,0.536,0.229,0.428,0.417,0.6,0.593,1,low,residential_low,False
0,20,0.247,0.136,True,4.031,0.546,0.257,0.418,0.427,0.592,0.59,1,low,residential_low,False
1,20,0.383,0.144,True,3.041,0.609,0.302,0.432,0.473,0.549,0.603,1,low,residential_low,False
2,20,0.527,0.147,True,2.062,0.672,0.346,0.449,0.518,0.506,0.617,1,low,residential_low,False
3,20,0.674,0.147,True,1.118,0.732,0.389,0.633,0.604,0.531,0.722,1,low,residential_low,False
4,20,0.819,0.145,True,0.493,0.777,0.431,0.535,0.613,0.449,0.656,1,low,residential_low,False
5,20,0.959,0.14,True,0.329,0.8,0.473,0.526,0.633,0.409,0.637,1,low,residential_low,False
6,20,1.089,0.13,True,0.164,0.821,0.512,0.606,0.675,0.405,0.662,1,low,residential_low,False
7,20,1.205,0.116,True,0.0,0.843,0.55,0.627,0.701,0.377,0.658,1,low,residential_low,False
8,20,1.304,0.099,True,0.354,0.838,0.586,0.586,0.699,0.333,0.63,3,high,urban_high,False
9,20,1.382,0.078,True,0.354,0.85,0.619,0.209,0.62,0.149,0.437,2,medium,residential_medium,False
10,20,1.439,0.078,True,1.061,0.826,0.648,0.234,0.625,0.167,0.451,3,high,urban_high,False
11,20,1.471,0.085,True,1.768,0.8,0.673,0.262,0.627,0.186,0.468,3,high,urban_high,False
12,20,1.48,0.092,True,2.475,0.773,0.692,0.341,0.641,0.227,0.51,3,high,urban_high,False
13,20,1.465,0.096,True,3.182,0.743,0.703,0.348,0.632,0.239,0.518,3,high,urban_high,False
14,20,1.428,0.097,True,3.889,0.71,0.707,0.361,0.622,0.255,0.531,3,high,urban_high,False
15,20,1.373,0.097,True,4.596,0.675,0.703,0.596,0.664,0.36,0.651,3,high,urban_high,False
16,20,1.303,0.096,True,5.219,0.641,0.692,0.657,0.66,0.395,0.689,3,high,urban_high,False
17,20,1.22,0.091,True,5.723,0.61,0.673,0.559,0.616,0.366,0.65,3,high,urban_high,False
18,20,1.131,0.092,True,4.999,0.636,0.648,0.496,0.605,0.332,0.617,3,high,urban_high,False
19,20,1.039,0.092,True,4.233,0.663,0.619,0.49,0.607,0.321,0.611,3,high,urban_high,False
20,20,0.948,0.091,True,3.481,0.688,0.586,0.48,0.605,0.309,0.604,3,high,urban_high,False
21,20,0.862,0.086,True,2.728,0.711,0.55,0.605,0.636,0.381,0.669,3,high,urban_high,False
22,20,0.783,0.079,True,1.976,0.734,0.512,0.633,0.642,0.414,0.687,3,high,urban_high,False
23,20,0.713,0.07,True,1.223,0.756,0.473,0.645,0.643,0.441,0.698,3,high,urban_high,False
24,20,0.652,0.061,True,0.47,0.778,0.431,0.306,0.556,0.328,0.525,3,high,urban_high,False
25,20,0.601,0.051,True,0.282,0.773,0.389,0.364,0.556,0.382,0.563,2,medium,residential_medium,False
26,20,0.557,0.044,True,1.035,0.721,0.346,0.343,0.514,0.419,0.547,2,medium,residential_medium,False
27,20,0.52,0.037,True,1.803,0.669,0.302,0.427,0.498,0.498,0.599,2,medium,residential_medium,False
28,20,0.486,0.034,True,2.693,0.61,0.257,0.436,0.461,0.55,0.601,1,low,residential_low,False
29,20,0.452,0.034,True,3.64,0.549,0.212,0.44,0.421,0.6,0.6,1,low,residential_low,False
0,21,0.262,0.13,True,4.272,0.527,0.237,0.421,0.413,0.6,0.589,1,low,residential_low,False
1,21,0.392,0.137,True,3.354,0.586,0.28,0.374,0.441,0.533,0.562,1,low,residential_low,False
2,21,0.529,0.138,True,2.5,0.643,0.323,0.451,0.499,0.516,0.614,1,low,residential_low,False
3,21,0.667,0.138,True,1.803,0.691,0.364,0.521,0.55,0.5,0.661,1,low,residential_low,False
4,21,0.803,0.136,True,1.48,0.72,0.405,0.423,0.551,0.422,0.598,1,low,residential_low,False
5,21,0.932,0.129,True,1.315,0.742,0.444,0.401,0.567,0.377,0.584,1,low,residential_low,False
6,21,1.052,0.12,True,0.826,0.779,0.482,0.418,0.6,0.343,0.583,1,low,residential_low,False
7,21,1.157,0.105,True,0.108,0.826,0.517,0.419,0.632,0.299,0.564,1,low,residential_low,False
8,21,1.245,0.088,True,0.354,0.826,0.55,0.401,0.637,0.263,0.547,1,low,residential_low,False
9,21,1.314,0.073,True,1.061,0.802,0.58,0.456,0.649,0.292,0.575,1,low,residential_low,False
10,21,1.361,0.083,True,1.768,0.777,0.607,0.514,0.66,0.324,0.606,3,high,urban_high,False
11,21,1.386,0.091,True,2.475,0.751,0.629,0.486,0.648,0.321,0.596,3,high,urban_high,False
12,21,1.388,0.097,True,3.182,0.723,0.645,0.324,0.6,0.265,0.522,3,high,urban_high,False
13,21,1.369,0.102,True,3.889,0.692,0.655,0.267,0.575,0.252,0.497,2,medium,residential_medium,False
14,21,1.331,0.104,True,4.596,0.659,0.659,0.315,0.573,0.282,0.525,2,medium,residential_medium,False
15,21,1.276,0.105,True,5.303,0.624,0.655,0.661,0.643,0.431,0.704,3,high,urban_high,False
16,21,1.207,0.102,True,6.01,0.586,0.645,0.63,0.615,0.431,0.698,3,high,urban_high,False
17,21,1.129,0.097,True,6.403,0.562,0.629,0.622,0.597,0.436,0.7,3,high,urban_high,False
18,21,1.046,0.091,True,5.644,0.591,0.607,0.422,0.554,0.346,0.583,2,medium,residential_medium,False
19,21,0.962,0.084,True,4.892,0.618,0.58,0.371,0.545,0.317,0.55,2,medium,residential_medium,False
20,21,0.88,0.082,True,4.139,0.643,0.55,0.382,0.55,0.314,0.556,2,medium,residential_medium,False
21,21,0.803,0.077,True,3.387,0.668,0.517,0.669,0.623,0.421,0.711,3,high,urban_high,False
22,21,0.735,0.068,True,2.634,0.692,0.482,0.67,0.623,0.442,0.716,5,none,plaza,False
23,21,0.675,0.06,True,1.881,0.715,0.444,0.611,0.608,0.441,0.693,3,high,urban_high,False
24,21,0.625,0.05,True,1.129,0.737,0.405,0.266,0.52,0.325,0.493,2,medium,residential_medium,False
25,21,0.584,0.041,True,0.376,0.759,0.364,0.295,0.525,0.358,0.516,2,medium,residential_medium,False
26,21,0.55,0.034,True,0.5,0.739,0.323,0.343,0.515,0.413,0.547,2,medium,residential_medium,False
27,21,0.521,0.029,True,1.5,0.676,0.28,0.641,0.548,0.582,0.734,1,low,residential_low,False
28,21,0.495,0.027,True,2.5,0.612,0.237,0.613,0.5,0.62,0.713,1,low,residential_low,False
29,21,0.468,0.027,True,3.5,0.549,0.193,0.642,0.465,0.681,0.728,0,none,forest,False
0,22,0.277,0.123,True,3.49,0.557,0.214,0.412,0.418,0.587,0.583,1,low,residential_low,False
1,22,0.4,0.128,True,2.953,0.597,0.256,0.399,0.445,0.539,0.576,1,low,residential_low,False
2,22,0.528,0.13,True,2.416,0.638,0.297,0.42,0.481,0.506,0.591,1,low,residential_low,False
3,22,0.658,0.13,True,1.879,0.677,0.337,0.552,0.544,0.517,0.677,1,low,residential_low,False
4,22,0.784,0.126,True,1.342,0.717,0.375,0.513,0.564,0.459,0.653,1,low,residential_low,False
5,22,0.903,0.119,True,0.805,0.756,0.413,0.522,0.595,0.421,0.65,1,low,residential_low,False
6,22,1.011,0.108,True,0.268,0.794,0.448,0.464,0.608,0.357,0.605,1,low,residential_low,False
7,22,1.105,0.094,True,0.354,0.802,0.482,0.444,0.616,0.317,0.585,1,low,residential_low,False
8,22,1.182,0.077,True,1.061,0.778,0.512,0.415,0.608,0.313,0.573,1,low,residential_low,False
9,22,1.241,0.077,True,1.768,0.754,0.54,0.524,0.632,0.364,0.628,1,low,residential_low,False
10,22,1.278,0.086,True,2.475,0.728,0.564,0.524,0.628,0.372,0.631,1,low,residential_low,False
11,22,1.295,0.095,True,3.182,0.701,0.583,0.58,0.635,0.404,0.661,2,medium,residential_medium,False
12,22,1.291,0.101,True,3.889,0.672,0.598,0.352,0.57,0.322,0.55,1,low,residential_low,False
13,22,1.267,0.105,True,4.596,0.641,0.607,0.301,0.546,0.311,0.516,2,medium,residential_medium,False
14,22,1.227,0.109,True,5.303,0.608,0.61,0.308,0.534,0.324,0.518,1,low,residential_low,False
15,22,1.171,0.108,True,6.01,0.573,0.607,0.659,0.605,0.476,0.724,3,high,urban_high,False
16,22,1.105,0.106,True,6.718,0.536,0.598,0.712,0.599,0.509,0.758,3,high,urban_high,False
17,22,1.032,0.102,True,7.055,0.514,0.583,0.648,0.568,0.491,0.725,5,none,plaza,False
18,22,0.955,0.095,True,6.303,0.544,0.564,0.422,0.519,0.391,0.581,1,low,residential_low,False
19,22,0.879,0.087,True,5.55,0.572,0.54,0.325,0.501,0.343,0.519,2,medium,residential_medium,False
20,22,0.806,0.076,True,4.798,0.598,0.512,0.301,0.498,0.325,0.503,1,low,residential_low,False
21,22,0.74,0.066,True,4.045,0.624,0.482,0.651,0.588,0.457,0.721,3,high,urban_high,False
22,22,0.683,0.057,True,3.293,0.648,0.448,0.704,0.602,0.47,0.745,3,high,urban_high,False
23,22,0.635,0.048,True,2.54,0.672,0.413,0.692,0.599,0.487,0.743,3,high,urban_high,False
24,22,0.596,0.039,True,1.787,0.695,0.375,0.329,0.508,0.363,0.527,2,medium,residential_medium,False
25,22,0.565,0.031,True,1.118,0.714,0.337,0.352,0.51,0.396,0.546,2,medium,residential_medium,False
26,22,0.541,0.024,True,1.118,0.7,0.297,0.411,0.507,0.453,0.584,1,low,residential_low,False
27,22,0.521,0.02,True,1.803,0.653,0.256,0.731,0.553,0.625,0.787,1,low,residential_low,False
28,22,0.503,0.02,True,2.693,0.595,0.214,0.668,0.499,0.648,0.744,1,low,residential_low,False
29,22,0.483,0.02,True,3.64,0.535,0.171,0.685,0.463,0.703,0.752,0,none,forest,False
0,23,0.29,0.116,True,2.646,0.589,0.188,0.413,0.425,0.577,0.584,1,low,residential_low,False
1,23,0.406,0.12,True,2.109,0.629,0.229,0.408,0.454,0.533,0.582,1,low,residential_low,False
2,23,0.526,0.12,True,1.572,0.668,0.269,0.406,0.483,0.49,0.582,1,low,residential_low,False
3,23,0.646,0.12,True,1.035,0.708,0.307,0.593,0.559,0.523,0.703,1,low,residential_low,False
4,23,0.762,0.116,True,0.499,0.746,0.344,0.617,0.593,0.491,0.71,1,low,residential_low,False
5,23,0.87,0.108,True,0.038,0.781,0.379,0.597,0.614,0.443,0.684,1,low,residential_low,False
6,23,0.968,0.098,True,0.575,0.767,0.413,0.442,0.579,0.356,0.603,1,low,residential_low,False
7,23,1.05,0.082,True,1.112,0.752,0.444,0.441,0.582,0.361,0.603,1,low,residential_low,False
8,23,1.116,0.068,True,1.768,0.73,0.473,0.412,0.573,0.356,0.587,1,low,residential_low,False
9,23,1.164,0.079,True,2.475,0.705,0.498,0.405,0.568,0.361,0.583,1,low,residential_low,False
10,23,1.192,0.088,True,3.182,0.679,0.52,0.519,0.591,0.415,0.649,1,low,residential_low,False
11,23,1.2,0.096,True,3.889,0.651,0.537,0.532,0.587,0.429,0.659,1,low,residential_low,False
12,23,1.19,0.103,True,4.596,0.621,0.55,0.347,0.531,0.365,0.544,1,low,residential_low,False
13,23,1.162,0.107,True,5.303,0.59,0.558,0.308,0.51,0.359,0.517,1,low,residential_low,False
14,23,1.118,0.109,True,6.01,0.557,0.561,0.326,0.5,0.377,0.526,1,low,residential_low,False
15,23,1.063,0.109,True,6.718,0.522,0.558,0.711,0.58,0.542,0.77,2,medium,residential_medium,False
16,23,0.999,0.107,True,7.425,0.485,0.55,0.775,0.577,0.58,0.807,2,medium,residential_medium,False
17,23,0.93,0.102,True,7.714,0.467,0.537,0.687,0.543,0.55,0.748,1,low,residential_low,False
18,23,0.86,0.096,True,6.961,0.497,0.52,0.374,0.473,0.416,0.548,1,low,residential_low,False
19,23,0.792,0.088,True,6.209,0.525,0.498,0.27,0.453,0.365,0.482,1,low,residential_low,False
20,23,0.73,0.079,True,5.456,0.553,0.473,0.261,0.456,0.352,0.476,2,medium,residential_medium,False
21,23,0.674,0.068,True,4.704,0.579,0.444,0.557,0.533,0.463,0.665,1,low,residential_low,False
22,23,0.628,0.057,True,3.951,0.604,0.413,0.647,0.557,0.491,0.721,2,medium,residential_medium,False
23,23,0.591,0.045,True,3.198,0.629,0.379,0.703,0.573,0.505,0.756,2,medium,residential_medium,False
24,23,0.563,0.034,True,2.5,0.65,0.344,0.362,0.486,0.391,0.542,1,low,residential_low,False
25,23,0.544,0.024,True,2.062,0.658,0.307,0.394,0.487,0.43,0.565,1,low,residential_low,False
26,23,0.53,0.014,True,2.062,0.645,0.269,0.445,0.482,0.484,0.599,1,low,residential_low,False
27,23,0.519,0.011,True,2.5,0.61,0.229,0.729,0.525,0.638,0.78,1,low,residential_low,False
28,23,0.509,0.013,True,3.202,0.562,0.188,0.675,0.478,0.661,0.744,1,low,residential_low,False
29,23,0.496,0.013,True,4.031,0.507,0.147,0.673,0.44,0.707,0.74,0,none,forest,False
0,24,0.301,0.109,True,1.803,0.62,0.161,0.445,0.439,0.58,0.604,1,low,residential_low,False
1,24,0.41,0.111,True,1.265,0.659,0.2,0.424,0.463,0.53,0.592,1,low,residential_low,False
2,24,0.521,0.111,True,0.729,0.698,0.238,0.437,0.495,0.493,0.601,1,low,residential_low,False
3,24,0.632,0.111,True,0.192,0.737,0.275,0.751,0.602,0.577,0.789,1,low,residential_low,False
4,24,0.738,0.106,True,0.345,0.742,0.31,0.799,0.627,0.565,0.802,1,low,residential_low,False
5,24,0.836,0.098,True,0.882,0.728,0.344,0.742,0.616,0.518,0.768,1,low,residential_low,False
6,24,0.922,0.086,True,1.419,0.713,0.375,0.551,0.571,0.446,0.671,1,low,residential_low,False
7,24,0.994,0.072,True,1.956,0.697,0.405,0.505,0.561,0.433,0.643,1,low,residential_low,False
8,24,1.048,0.068,True,2.5,0.681,0.431,0.46,0.551,0.42,0.616,1,low,residential_low,False
9,24,1.085,0.079,True,3.182,0.656,0.455,0.344,0.518,0.382,0.542,1,low,residential_low,False
10,24,1.104,0.088,True,3.889,0.629,0.475,0.434,0.534,0.426,0.599,1,low,residential_low,False
11,24,1.104,0.096,True,4.596,0.601,0.491,0.518,0.547,0.469,0.652,1,low,residential_low,False
12,24,1.087,0.103,True,5.303,0.571,0.503,0.643,0.569,0.529,0.731,1,low,residential_low,False
13,24,1.055,0.107,True,6.01,0.539,0.51,0.607,0.547,0.524,0.706,1,low,residential_low,False
14,24,1.009,0.109,True,6.718,0.506,0.512,0.648,0.543,0.551,0.73,1,low,residential_low,False
15,24,0.954,0.109,True,7.425,0.471,0.51,0.676,0.534,0.574,0.745,1,low,residential_low,False
16,24,0.892,0.107,True,8.132,0.434,0.503,0.679,0.516,0.587,0.743,1,low,residential_low,False
17,24,0.828,0.102,True,8.372,0.419,0.491,0.648,0.498,0.579,0.721,1,low,residential_low,False
18,24,0.764,0.096,True,7.62,0.449,0.475,0.205,0.396,0.392,0.438,1,low,residential_low,False
19,24,0.704,0.088,True,6.867,0.479,0.455,0.151,0.39,0.361,0.404,1,low,residential_low,False
20,24,0.651,0.079,True,6.115,0.507,0.431,0.111,0.385,0.336,0.378,1,low,residential_low,False
21,24,0.606,0.068,True,5.362,0.533,0.405,0.322,0.442,0.412,0.513,1,low,residential_low,False
22,24,0.571,0.058,True,4.61,0.559,0.375,0.412,0.467,0.44,0.57,1,low,residential_low,False
23,24,0.546,0.048,True,3.905,0.582,0.344,0.507,0.492,0.471,0.629,1,low,residential_low,False
24,24,0.529,0.037,True,3.354,0.597,0.31,0.512,0.49,0.468,0.63,1,low,residential_low,False
25,24,0.52,0.027,True,3.041,0.6,0.275,0.465,0.469,0.477,0.603,1,low,residential_low,False
26,24,0.516,0.017,True,3.041,0.587,0.238,0.467,0.452,0.511,0.606,1,low,residential_low,False
27,24,0.514,0.008,True,3.354,0.559,0.2,0.436,0.421,0.537,0.586,1,low,residential_low,False
28,24,0.512,0.006,True,3.905,0.518,0.161,0.431,0.389,0.577,0.581,1,low,residential_low,False
29,24,0.506,0.01,True,4.61,0.47,0.121,0.432,0.356,0.622,0.58,0,none,forest,False
0,25,0.307,0.102,True,1.118,0.642,0.132,0.436,0.437,0.569,0.597,1,low,residential_low,False
1,25,0.409,0.104,True,0.422,0.689,0.17,0.494,0.484,0.548,0.636,1,low,residential_low,False
2,25,0.513,0.104,True,0.115,0.717,0.206,0.459,0.499,0.496,0.614,1,low,residential_low,False
3,25,0.615,0.102,True,0.652,0.703,0.241,0.799,0.589,0.607,0.822,1,low,residential_low,False
4,25,0.712,0.097,True,1.189,0.689,0.275,0.783,0.588,0.576,0.808,1,low,residential_low,False
5,25,0.799,0.087,True,1.726,0.674,0.307,0.746,0.582,0.566,0.791,1,low,residential_low,False
6,25,0.875,0.076,True,2.263,0.659,0.337,0.537,0.532,0.487,0.66,1,low,residential_low,False
7,25,0.936,0.061,True,2.799,0.643,0.364,0.513,0.527,0.483,0.646,1,low,residential_low,False
8,25,0.98,0.069,True,3.336,0.626,0.389,0.424,0.504,0.453,0.59,1,low,residential_low,False
9,25,1.007,0.078,True,3.905,0.606,0.411,0.363,0.487,0.435,0.551,1,low,residential_low,False
10,25,1.016,0.088,True,4.596,0.579,0.429,0.467,0.506,0.485,0.617,1,low,residential_low,False
11,25,1.008,0.096,True,5.303,0.55,0.444,0.568,0.523,0.535,0.681,1,low,residential_low,False
12,25,0.985,0.102,True,6.01,0.52,0.455,0.702,0.546,0.598,0.766,1,low,residential_low,False
13,25,0.948,0.107,True,6.718,0.488,0.461,0.664,0.524,0.593,0.739,1,low,residential_low,False
14,25,0.901,0.108,True,7.425,0.455,0.464,0.671,0.512,0.606,0.741,1,low,residential_low,False
15,25,0.846,0.108,True,8.132,0.42,0.461,0.636,0.486,0.603,0.716,1,low,residential_low,False
16,25,0.786,0.106,True,8.839,0.384,0.455,0.619,0.464,0.608,0.702,1,low,residential_low,False
17,25,0.726,0.102,True,9.031,0.371,0.444,0.633,0.458,0.618,0.708,1,low,residential_low,False
18,25,0.669,0.095,True,8.278,0.402,0.429,0.307,0.386,0.477,0.501,1,low,residential_low,False
19,25,0.617,0.087,True,7.526,0.431,0.411,0.203,0.368,0.427,0.435,1,low,residential_low,False
20,25,0.573,0.079,True,6.773,0.46,0.389,0.184,0.37,0.41,0.423,1,low,residential_low,False
21,25,0.538,0.069,True,6.021,0.488,0.364,0.388,0.426,0.482,0.553,1,low,residential_low,False
22,25,0.513,0.059,True,5.315,0.512,0.337,0.463,0.447,0.505,0.601,1,low,residential_low,False
23,25,0.498,0.048,True,4.717,0.53,0.307,0.51,0.458,0.518,0.629,1,low,residential_low,False
24,25,0.492,0.038,True,4.272,0.541,0.275,0.495,0.45,0.508,0.618,1,low,residential_low,False
25,25,0.493,0.029,True,4.031,0.54,0.241,0.432,0.423,0.483,0.574,1,low,residential_low,False
26,25,0.499,0.02,True,4.031,0.528,0.206,0.462,0.415,0.528,0.595,1,low,residential_low,False
27,25,0.506,0.012,True,4.272,0.504,0.17,0.424,0.384,0.55,0.571,1,low,residential_low,False
28,25,0.512,0.006,True,4.717,0.469,0.132,0.499,0.375,0.62,0.618,0,none,forest,False
29,25,0.513,0.007,True,5.315,0.427,0.093,0.449,0.332,0.643,0.585,0,none,forest,False
0,26,0.308,0.096,True,1.118,0.631,0.101,0.347,0.401,0.537,0.537,1,low,residential_low,False
1,26,0.404,0.097,True,0.5,0.674,0.137,0.395,0.443,0.513,0.568,1,low,residential_low,False
2,26,0.501,0.097,True,0.959,0.664,0.172,0.46,0.466,0.513,0.607,1,low,residential_low,False
3,26,0.595,0.094,True,1.496,0.65,0.206,0.751,0.542,0.605,0.789,1,low,residential_low,False
4,26,0.683,0.088,True,2.032,0.636,0.238,0.733,0.541,0.602,0.78,1,low,residential_low,False
5,26,0.761,0.078,True,2.569,0.62,0.269,0.724,0.541,0.604,0.776,1,low,residential_low,False
6,26,0.826,0.065,True,3.106,0.604,0.297,0.523,0.492,0.528,0.648,1,low,residential_low,False
7,26,0.877,0.06,True,3.643,0.587,0.323,0.493,0.484,0.522,0.63,1,low,residential_low,False
8,26,0.911,0.069,True,4.18,0.57,0.346,0.523,0.491,0.539,0.65,1,low,residential_low,False
9,26,0.929,0.078,True,4.717,0.551,0.366,0.455,0.472,0.518,0.607,1,low,residential_low,False
10,26,0.93,0.086,True,5.315,0.528,0.383,0.523,0.483,0.553,0.651,1,low,residential_low,False
11,26,0.915,0.093,True,6.01,0.499,0.397,0.58,0.489,0.585,0.686,1,low,residential_low,False
12,26,0.885,0.1,True,6.718,0.469,0.407,0.68,0.503,0.634,0.749,1,low,residential_low,False
13,26,0.845,0.103,True,7.425,0.437,0.413,0.606,0.472,0.615,0.699,1,low,residential_low,False
14,26,0.795,0.106,True,8.132,0.404,0.415,0.617,0.46,0.63,0.704,1,low,residential_low,False
15,26,0.74,0.106,True,8.839,0.369,0.413,0.619,0.445,0.642,0.702,1,low,residential_low,False
16,26,0.683,0.103,True,9.546,0.333,0.407,0.59,0.419,0.642,0.68,1,low,residential_low,False
17,26,0.626,0.1,True,9.689,0.322,0.397,0.662,0.429,0.674,0.724,1,low,residential_low,False
18,26,0.575,0.094,True,8.937,0.354,0.383,0.396,0.373,0.558,0.555,1,low,residential_low,False
19,26,0.53,0.087,True,8.184,0.384,0.366,0.343,0.368,0.527,0.522,1,low,residential_low,False
20,26,0.494,0.079,True,7.433,0.413,0.346,0.262,0.355,0.485,0.471,1,low,residential_low,False
21,26,0.469,0.069,True,6.727,0.439,0.323,0.42,0.399,0.54,0.572,1,low,residential_low,False
22,26,0.454,0.059,True,6.103,0.46,0.297,0.422,0.402,0.534,0.572,1,low,residential_low,False
23,26,0.45,0.051,True,5.59,0.475,0.269,0.409,0.397,0.524,0.562,1,low,residential_low,False
24,26,0.454,0.041,True,5.22,0.482,0.238,0.44,0.398,0.534,0.58,1,low,residential_low,False
25,26,0.464,0.032,True,5.025,0.48,0.206,0.501,0.403,0.559,0.616,1,low,residential_low,False
26,26,0.479,0.025,True,5.025,0.468,0.172,0.51,0.39,0.567,0.617,1,low,residential_low,False
27,26,0.494,0.017,True,5.22,0.447,0.137,0.499,0.367,0.598,0.611,1,low,residential_low,False
28,26,0.507,0.013,True,5.59,0.416,0.101,0.475,0.336,0.628,0.596,0,none,forest,False
29,26,0.514,0.007,True,6.103,0.378,0.063,0.459,0.304,0.663,0.584,0,none,forest,False
0,27,0.304,0.09,True,1.803,0.587,0.068,0.395,0.383,0.57,0.561,1,low,residential_low,False
1,27,0.394,0.09,True,1.5,0.614,0.103,0.51,0.435,0.578,0.634,1,low,residential_low,False
2,27,0.484,0.09,True,1.802,0.611,0.137,0.525,0.447,0.556,0.641,1,low,residential_low,False
3,27,0.571,0.087,True,2.339,0.597,0.17,0.34,0.405,0.487,0.524,1,low,residential_low,False
4,27,0.65,0.079,True,2.876,0.582,0.2,0.328,0.404,0.487,0.518,1,low,residential_low,False
5,27,0.72,0.07,True,3.413,0.566,0.229,0.28,0.393,0.473,0.489,1,low,residential_low,False
6,27,0.776,0.056,True,3.95,0.549,0.256,0.632,0.482,0.619,0.716,1,low,residential_low,False
7,27,0.817,0.06,True,4.487,0.532,0.28,0.656,0.487,0.634,0.732,1,low,residential_low,False
8,27,0.843,0.068,True,5.024,0.514,0.302,0.613,0.475,0.622,0.705,1,low,residential_low,False
9,27,0.852,0.077,True,5.56,0.495,0.321,0.5,0.444,0.583,0.633,1,low,residential_low,False
10,27,0.845,0.085,True,6.103,0.474,0.337,0.56,0.454,0.614,0.671,1,low,residential_low,False
11,27,0.823,0.092,True,6.727,0.448,0.349,0.568,0.448,0.626,0.676,1,low,residential_low,False
12,27,0.789,0.096,True,7.425,0.418,0.359,0.325,0.377,0.538,0.519,1,low,residential_low,False
13,27,0.744,0.101,True,8.132,0.386,0.364,0.241,0.343,0.515,0.463,1,low,residential_low,False
14,27,0.693,0.102,True,8.839,0.353,0.366,0.298,0.343,0.548,0.497,1,low,residential_low,False
15,27,0.638,0.102,True,9.546,0.318,0.364,0.643,0.413,0.697,0.715,0,none,forest,False
16,27,0.582,0.101,True,10.253,0.282,0.359,0.698,0.409,0.731,0.746,0,none,forest,False
17,27,0.53,0.096,True,10.348,0.274,0.349,0.715,0.407,0.74,0.756,0,none,forest,False
18,27,0.483,0.092,True,9.595,0.306,0.337,0.609,0.391,0.687,0.689,0,none,forest,False
19,27,0.445,0.085,True,8.846,0.336,0.321,0.586,0.394,0.669,0.675,1,low,residential_low,False
20,27,0.417,0.077,True,8.139,0.364,0.302,0.541,0.39,0.642,0.647,1,low,residential_low,False
21,27,0.401,0.068,True,7.5,0.387,0.28,0.39,0.356,0.574,0.55,1,low,residential_low,False
22,27,0.395,0.06,True,6.946,0.405,0.256,0.35,0.346,0.552,0.524,1,low,residential_low,False
23,27,0.399,0.051,True,6.5,0.417,0.229,0.308,0.333,0.531,0.495,1,low,residential_low,False
24,27,0.413,0.044,True,6.185,0.422,0.2,0.596,0.399,0.645,0.677,1,low,residential_low,False
25,27,0.432,0.036,True,6.021,0.419,0.17,0.696,0.413,0.686,0.738,0,none,forest,False
26,27,0.454,0.028,True,6.021,0.408,0.137,0.754,0.413,0.713,0.771,0,none,forest,False
27,27,0.477,0.023,True,6.185,0.388,0.103,0.646,0.367,0.676,0.697,1,low,residential_low,False
28,27,0.496,0.019,True,6.5,0.361,0.068,0.611,0.336,0.7,0.675,0,none,forest,False
29,27,0.51,0.014,True,6.946,0.327,0.032,0.622,0.312,0.744,0.682,0,none,forest,False
0,28,0.293,0.085,True,2.693,0.532,0.034,0.51,0.377,0.634,0.627,1,low,residential_low,False
1,28,0.378,0.085,True,2.5,0.554,0.068,0.554,0.408,0.615,0.654,1,low,residential_low,False
2,28,0.462,0.084,True,2.693,0.556,0.101,0.612,0.433,0.638,0.694,1,low,residential_low,False
3,28,0.542,0.08,True,3.183,0.543,0.132,0.39,0.381,0.553,0.554,1,low,residential_low,False
4,28,0.614,0.072,True,3.72,0.527,0.161,0.311,0.363,0.527,0.505,1,low,residential_low,False
5,28,0.676,0.062,True,4.257,0.511,0.188,0.309,0.364,0.531,0.505,1,low,residential_low,False
6,28,0.724,0.053,True,4.794,0.494,0.214,0.68,0.456,0.685,0.744,0,none,forest,False
7,28,0.757,0.06,True,5.33,0.476,0.237,0.669,0.452,0.686,0.738,0,none,forest,False
8,28,0.775,0.068,True,5.867,0.458,0.257,0.638,0.443,0.679,0.718,0,none,forest,False
9,28,0.776,0.076,True,6.404,0.438,0.275,0.479,0.399,0.622,0.617,0,none,forest,False
10,28,0.762,0.083,True,6.941,0.417,0.29,0.546,0.411,0.656,0.659,0,none,forest,False
11,28,0.734,0.089,True,7.5,0.395,0.302,0.521,0.399,0.653,0.643,0,none,forest,False
12,28,0.695,0.094,True,8.139,0.367,0.31,0.271,0.326,0.562,0.481,0,none,forest,False
13,28,0.648,0.096,True,8.839,0.335,0.316,0.288,0.317,0.579,0.49,0,none,forest,False
14,28,0.594,0.099,True,9.546,0.301,0.317,0.243,0.291,0.572,0.459,0,none,forest,False
15,28,0.539,0.099,True,10.253,0.267,0.316,0.575,0.359,0.715,0.668,0,none,forest,False
16,28,0.486,0.096,True,10.96,0.231,0.31,0.657,0.361,0.76,0.717,0,none,forest,False
17,28,0.436,0.094,True,11.006,0.226,0.302,0.654,0.356,0.76,0.714,0,none,forest,False
18,28,0.395,0.088,True,10.259,0.258,0.29,0.529,0.335,0.7,0.636,0,none,forest,False
19,28,0.363,0.082,True,9.552,0.286,0.275,0.48,0.331,0.671,0.605,0,none,forest,False
20,28,0.342,0.075,True,8.902,0.311,0.257,0.501,0.342,0.672,0.619,0,none,forest,False
21,28,0.333,0.068,True,8.322,0.332,0.237,0.378,0.315,0.616,0.54,0,none,forest,False
22,28,0.335,0.061,True,7.826,0.348,0.214,0.294,0.294,0.577,0.485,0,none,forest,False
23,28,0.348,0.054,True,7.433,0.358,0.188,0.283,0.288,0.569,0.476,0,none,forest,False
24,28,0.369,0.047,True,7.159,0.362,0.161,0.583,0.357,0.688,0.666,0,none,forest,False
25,28,0.396,0.04,True,7.018,0.358,0.132,0.634,0.359,0.71,0.696,0,none,forest,False
26,28,0.426,0.034,True,7.018,0.347,0.101,0.659,0.351,0.723,0.708,5,none,plaza,False
27,28,0.455,0.029,True,7.159,0.329,0.068,0.573,0.312,0.695,0.648,5,none,plaza,False
28,28,0.48,0.025,True,7.433,0.304,0.034,0.596,0.296,0.712,0.658,0,none,forest,False
29,28,0.499,0.019,True,7.826,0.273,0.0,0.604,0.274,0.754,0.663,0,none,forest,False
0,29,0.275,0.08,True,3.64,0.475,0.0,0.58,0.359,0.68,0.664,0,none,forest,False
1,29,0.355,0.08,True,3.5,0.493,0.032,0.667,0.398,0.709,0.724,0,none,forest,False
2,29,0.435,0.08,True,3.64,0.497,0.063,0.662,0.408,0.706,0.724,0,none,forest,False
3,29,0.509,0.074,True,4.031,0.488,0.093,0.396,0.346,0.602,0.556,1,low,residential_low,False
4,29,0.575,0.066,True,4.563,0.473,0.121,0.363,0.34,0.594,0.536,0,none,forest,False
5,29,0.63,0.055,True,5.1,0.456,0.147,0.359,0.339,0.598,0.535,0,none,forest,False
6,29,0.671,0.053,True,5.637,0.438,0.171,0.673,0.417,0.729,0.737,0,none,forest,False
7,29,0.697,0.06,True,6.174,0.42,0.193,0.705,0.423,0.748,0.758,0,none,forest,False
8,29,0.707,0.068,True,6.711,0.401,0.212,0.724,0.425,0.761,0.77,0,none,forest,False
9,29,0.702,0.074,True,7.248,0.381,0.229,0.52,0.37,0.686,0.64,0,none,forest,False
10,29,0.682,0.08,True,7.785,0.36,0.243,0.433,0.343,0.658,0.584,0,none,forest,False
11,29,0.649,0.085,True,8.322,0.338,0.254,0.428,0.335,0.663,0.58,0,none,forest,False
12,29,0.606,0.089,True,8.902,0.313,0.262,0.31,0.297,0.624,0.503,0,none,forest,False
13,29,0.555,0.093,True,9.552,0.283,0.267,0.268,0.274,0.617,0.474,0,none,forest,False
14,29,0.5,0.094,True,10.253,0.25,0.269,0.309,0.27,0.644,0.498,0,none,forest,False
15,29,0.445,0.094,True,10.96,0.216,0.267,0.558,0.317,0.754,0.654,0,none,forest,False
16,29,0.393,0.093,True,11.667,0.18,0.262,0.587,0.306,0.777,0.67,0,none,forest,False
17,29,0.347,0.089,True,11.673,0.177,0.254,0.631,0.314,0.796,0.697,0,none,forest,False
18,29,0.309,0.086,True,10.966,0.207,0.243,0.491,0.289,0.73,0.609,0,none,forest,False
19,29,0.282,0.081,True,10.308,0.234,0.229,0.459,0.289,0.709,0.589,0,none,forest,False
20,29,0.267,0.075,True,9.708,0.257,0.212,0.485,0.301,0.712,0.606,0,none,forest,False
21,29,0.265,0.068,True,9.179,0.276,0.193,0.378,0.277,0.663,0.537,0,none,forest,False
22,29,0.274,0.061,True,8.732,0.289,0.171,0.374,0.275,0.657,0.533,0,none,forest,False
23,29,0.294,0.054,True,8.382,0.298,0.147,0.383,0.274,0.658,0.537,0,none,forest,False
24,29,0.322,0.047,True,8.139,0.3,0.121,0.648,0.333,0.763,0.705,0,none,forest,False
25,29,0.356,0.04,True,8.016,0.297,0.093,0.665,0.328,0.771,0.713,0,none,forest,False
26,29,0.392,0.036,True,8.016,0.286,0.063,0.637,0.307,0.763,0.691,0,none,forest,False
27,29,0.427,0.035,True,8.139,0.269,0.032,0.597,0.28,0.753,0.661,0,none,forest,False
28,29,0.458,0.031,True,8.382,0.246,0.0,0.57,0.253,0.749,0.639,0,none,forest,False
29,29,0.481,0.023,True,8.732,0.23,0.0,0.594,0.252,0.764,0.653,0,none,forest,False
