id,x,y,z,width,depth,height,floor_count,density,type,roof,is_tower,macro_x,macro_y,micro_x,micro_y,parcel_id,footprint_cells_x,footprint_cells_y,source_cell_count
1,7.2702,1.705,1.941,0.348,0.3954,0.14,1,none,house,gable,False,7,4,0,0,43,1,1,1
2,7.6621,1.798,1.938,0.3451,0.3925,0.14,1,none,house,gable,False,7,4,1,0,43,1,1,1
3,12.5358,2.0818,1.417,0.3606,0.3753,0.84,6,high,house,gable,False,10,4,1,0,15,1,1,1
4,12.9318,1.9426,1.341,0.3616,0.3759,0.42,3,high,house,gable,False,10,4,2,0,15,1,1,1
5,7.6152,2.2499,1.995,0.3524,0.3889,0.14,1,none,house,gable,False,7,4,1,1,43,1,1,1
6,10.0112,2.771,1.848,0.3596,0.368,0.56,4,high,house,gable,False,8,4,3,1,13,1,1,1
7,12.9691,2.3746,1.367,0.3727,0.37,0.56,4,high,house,gable,False,10,4,2,1,15,1,1,1
8,13.3752,2.217,1.286,0.3765,0.3713,0.7,5,high,house,gable,False,10,4,3,1,15,1,1,1
9,13.784,2.0544,1.206,0.3802,0.3732,0.56,4,high,house,gable,False,11,4,0,1,15,1,1,1
10,6.7399,2.5452,2.053,0.3593,0.3913,0.84,6,high,house,gable,False,6,4,3,2,43,1,1,1
11,7.1527,2.6096,2.052,0.4017,0.4339,2.24,16,none,tower,flat,True,7,4,0,2,43,1,1,1
12,7.5625,2.6966,2.048,0.3609,0.3849,0.14,1,none,house,gable,False,7,4,1,2,43,1,1,1
13,7.9698,2.7994,2.038,0.3617,0.3803,0.14,1,none,house,gable,False,7,4,2,2,43,1,1,1
14,9.6044,3.1612,1.931,0.3596,0.3646,0.42,3,high,house,gable,False,8,4,2,2,13,1,1,1
15,10.0224,3.1959,1.884,0.3624,0.363,0.7,5,high,house,gable,False,8,4,3,2,13,1,1,1
16,10.8758,3.1939,1.767,0.3717,0.3627,0.56,4,high,house,gable,False,9,4,1,2,13,1,1,1
17,12.5933,2.9393,1.47,0.38,0.3648,0.56,4,high,house,gable,False,10,4,1,2,15,1,1,1
18,13.0157,2.7999,1.388,0.3856,0.366,0.7,5,high,house,hip,False,10,4,2,2,15,1,1,1
19,13.8646,2.4788,1.219,0.3942,0.37,0.84,6,high,house,gable,False,11,4,0,2,15,1,1,1
20,6.6702,2.992,2.101,0.363,0.3864,0.84,6,high,house,gable,False,6,4,3,3,43,1,1,1
21,7.0895,3.0544,2.1,0.3663,0.384,0.14,1,none,house,gable,False,7,4,0,3,43,1,1,1
22,7.5089,3.1383,2.095,0.3698,0.3804,0.14,1,none,house,hip,False,7,4,1,3,43,1,1,1
23,10.0344,3.6158,1.915,0.3655,0.3596,0.56,4,high,house,gable,False,8,4,3,3,13,1,1,1
24,10.8898,3.6135,1.794,0.3711,0.3594,0.42,3,high,house,gable,False,9,4,1,3,13,1,1,1
25,12.192,3.4711,1.573,0.3831,0.3613,0.7,5,high,house,gable,False,10,4,0,3,15,1,1,1
26,13.5047,3.0627,1.316,0.4052,0.3652,0.56,4,high,house,hip,False,10,4,3,3,15,1,1,1
27,7.0318,3.494,2.142,0.3722,0.3786,0.42,3,high,house,hip,False,7,5,0,0,43,1,1,1
28,9.6163,4.0013,1.992,0.371,0.3587,0.7,5,high,house,hip,False,8,5,2,0,13,1,1,1
29,10.0448,4.0327,1.941,0.3684,0.3576,0.84,6,high,house,gable,False,8,5,3,0,13,1,1,1
30,10.9022,4.0303,1.817,0.3706,0.3577,0.84,6,high,house,gable,False,9,5,1,0,13,1,1,1
31,12.6593,3.7799,1.506,0.4006,0.3611,0.56,4,high,house,gable,False,10,5,1,0,15,1,1,1
32,13.11,3.6406,1.418,0.4111,0.3626,0.7,5,high,house,gable,False,10,5,2,0,15,1,1,1
33,13.5657,3.4824,1.326,0.4186,0.3643,0.7,5,high,house,hip,False,10,5,3,0,15,1,1,1
34,14.0264,3.319,1.234,0.4221,0.3666,0.42,3,medium,house,gable,False,11,5,0,0,15,1,1,1
35,10.0516,4.4478,1.962,0.3707,0.3565,0.56,4,high,house,hip,False,8,5,3,1,13,1,1,1
36,10.4811,4.4546,1.902,0.4113,0.398,1.4,10,high,tower,flat,True,9,5,0,1,13,1,1,1
37,10.9105,4.4459,1.836,0.3701,0.3572,0.42,3,high,house,hip,False,9,5,1,1,13,1,1,1
38,13.145,4.0609,1.429,0.4209,0.363,0.7,5,high,house,hip,False,10,5,2,1,15,1,1,1
39,14.088,3.7405,1.24,0.433,0.3666,0.56,4,medium,house,gable,False,11,5,0,1,15,1,1,1
40,10.484,4.8693,1.917,0.3687,0.3567,0.7,5,high,house,hip,False,9,5,0,2,13,1,1,1
41,10.9132,4.8613,1.851,0.3697,0.3575,0.42,3,high,house,gable,False,9,5,1,2,13,1,1,1
42,12.2366,4.7279,1.62,0.399,0.3613,0.7,5,high,house,gable,False,10,5,0,2,15,1,1,1
43,12.6966,4.6203,1.531,0.414,0.3628,0.42,3,high,house,gable,False,10,5,1,2,15,1,1,1
44,13.1661,4.4832,1.439,0.4772,0.4069,1.82,13,high,tower,flat,True,10,5,2,2,15,1,1,1
45,14.1275,4.1657,1.246,0.4403,0.3682,0.42,3,medium,house,hip,False,11,5,0,2,15,1,1,1
46,3.497,4.7803,2.059,0.3995,0.371,0.56,4,high,house,hip,False,5,5,0,3,10,1,1,1
47,3.9506,4.7174,2.104,0.3883,0.3682,0.7,5,high,house,hip,False,5,5,1,3,10,1,1,1
48,12.2358,5.1487,1.629,0.4008,0.3624,0.42,3,high,house,gable,False,10,5,0,3,15,1,1,1
49,13.1723,4.908,1.447,0.4306,0.3664,0.56,4,high,house,gable,False,10,5,2,3,15,1,1,1
50,13.6546,4.7541,1.351,0.4403,0.3685,0.42,3,high,house,gable,False,10,5,3,3,15,1,1,1
51,3.9545,5.1421,2.119,0.388,0.3624,0.7,5,high,house,hip,False,5,6,1,0,10,1,1,1
52,4.3967,5.0993,2.159,0.3763,0.3614,0.56,4,high,house,gable,False,5,6,2,0,10,1,1,1
53,4.8278,5.0801,2.19,0.3663,0.3606,0.7,5,high,house,gable,False,5,6,3,0,10,1,1,1
54,7.3727,5.273,2.233,0.3871,0.3568,0.7,5,high,house,gable,False,7,6,1,0,10,1,1,1
55,7.8177,5.3594,2.214,0.3927,0.3557,0.42,3,high,house,hip,False,7,6,2,0,10,1,1,1
56,12.2287,5.57,1.635,0.4009,0.3625,0.42,3,high,house,gable,False,10,6,0,0,15,1,1,1
57,13.1668,5.3344,1.454,0.4308,0.3671,0.42,3,high,house,hip,False,10,6,2,0,15,1,1,1
58,3.9644,5.5615,2.129,0.3879,0.3592,0.42,3,high,house,gable,False,5,6,1,1,10,1,1,1
59,4.4062,5.5177,2.169,0.3761,0.3585,0.84,6,high,house,hip,False,5,6,2,1,10,1,1,1
60,4.8369,5.4976,2.201,0.3658,0.3576,0.56,4,high,house,hip,False,5,6,3,1,10,1,1,1
61,6.9361,5.6124,2.253,0.3761,0.3537,0.7,5,high,house,gable,False,7,6,0,1,10,1,1,1
62,7.8146,5.7707,2.22,0.3903,0.3519,0.56,4,high,house,gable,False,7,6,2,1,10,1,1,1
63,9.1552,6.0156,2.108,0.3865,0.3501,0.7,5,high,house,gable,False,8,6,1,1,9,1,1,1
64,12.6813,5.8897,1.549,0.4158,0.3631,0.7,5,high,house,gable,False,10,6,1,1,15,1,1,1
65,9.1391,6.4199,2.105,0.385,0.3459,0.56,4,high,house,gable,False,8,6,1,2,9,1,1,1
66,9.5797,6.4734,2.053,0.3786,0.3465,0.42,3,high,house,gable,False,8,6,2,2,9,1,1,1
67,10.0149,6.5056,1.995,0.3721,0.3475,0.42,3,high,house,gable,False,8,6,3,2,9,1,1,1
68,9.5438,6.8727,2.046,0.3763,0.3433,0.7,5,high,house,gable,False,8,6,2,3,9,1,1,1
69,3.1359,8.1048,1.952,0.375,0.3329,0.7,5,high,house,gable,False,4,7,3,3,7,1,1,1
70,3.5687,8.0783,2.006,0.3711,0.3473,0.7,5,high,house,gable,False,5,7,0,3,7,1,1,1
71,2.7217,8.5036,1.866,0.37,0.3207,0.84,6,high,house,gable,False,4,8,2,0,7,1,1,1
72,3.1495,8.4931,1.923,0.3663,0.3354,0.56,4,high,house,hip,False,4,8,3,0,7,1,1,1
73,6.8099,9.3341,2.046,0.3189,0.3628,0.7,5,high,house,hip,False,7,8,0,2,2,1,1,1
74,-1.3114,9.6934,1.084,0.4071,0.3542,0.7,5,high,house,gable,False,2,8,1,3,62,1,1,1
75,-0.3638,9.6387,1.258,0.4088,0.3457,0.56,4,high,house,gable,False,2,8,3,3,62,1,1,1
76,0.5784,9.6144,1.426,0.3995,0.3421,0.84,6,high,house,gable,False,3,8,1,3,62,1,1,1
77,2.7511,9.6702,1.752,0.3534,0.3517,0.7,5,high,house,gable,False,4,8,2,3,63,1,1,1
78,3.1596,9.6952,1.799,0.3504,0.356,0.56,4,high,house,gable,False,4,8,3,3,63,1,1,1
79,3.5663,9.7173,1.842,0.3501,0.36,0.14,1,none,house,hip,False,5,8,0,3,63,1,1,1
80,5.214,9.7359,1.967,0.3576,0.3653,0.42,3,high,house,gable,False,6,8,0,3,2,1,1,1
81,5.6273,9.7279,1.985,0.3533,0.3647,0.7,5,high,house,gable,False,6,8,1,3,2,1,1,1
82,6.4222,9.7336,1.998,0.3292,0.3634,0.7,5,high,house,gable,False,6,8,3,3,2,1,1,1
83,6.7971,9.7556,1.992,0.3169,0.3627,0.7,5,high,house,hip,False,7,8,0,3,2,1,1,1
84,-1.3113,10.1163,1.048,0.4074,0.3734,0.56,4,high,house,gable,False,2,9,1,0,62,1,1,1
85,-0.8384,10.0785,1.134,0.4086,0.3704,0.56,4,high,house,gable,False,2,9,2,0,62,1,1,1
86,-0.3639,10.0535,1.22,0.4564,0.4109,2.8,20,high,tower,flat,True,2,9,3,0,62,1,1,1
87,0.1098,10.037,1.303,0.4064,0.3662,0.7,5,high,house,gable,False,3,9,0,0,62,1,1,1
88,0.578,10.0252,1.384,0.3994,0.3646,0.7,5,high,house,gable,False,3,9,1,0,62,1,1,1
89,2.3327,10.059,1.649,0.3576,0.3625,0.84,6,high,house,gable,False,4,9,1,0,63,1,1,1
90,3.1508,10.1136,1.746,0.349,0.3638,0.56,4,high,house,gable,False,4,9,3,0,63,1,1,1
91,3.5558,10.1383,1.787,0.349,0.3645,0.84,6,high,house,gable,False,5,9,0,0,63,1,1,1
92,4.7863,10.1666,1.886,0.3576,0.3648,0.7,5,high,house,hip,False,5,9,3,0,2,1,1,1
93,5.2026,10.1599,1.909,0.3584,0.3643,0.56,4,high,house,gable,False,6,9,0,0,2,1,1,1
94,5.6169,10.1513,1.927,0.3543,0.3638,0.56,4,high,house,hip,False,6,9,1,0,2,1,1,1
95,6.0225,10.148,1.937,0.3434,0.3634,0.7,5,high,house,gable,False,6,9,2,0,2,1,1,1
96,6.7888,10.1775,1.934,0.3168,0.3631,0.7,5,high,house,gable,False,7,9,0,0,2,1,1,1
97,2.3202,10.4851,1.594,0.3572,0.3708,0.42,3,high,house,gable,False,4,9,1,1,63,1,1,1
98,2.7314,10.5116,1.643,0.3514,0.3698,0.84,6,high,house,gable,False,4,9,2,1,63,1,1,1
99,4.7742,10.5915,1.823,0.3583,0.3663,0.42,3,high,house,gable,False,5,9,3,1,2,1,1,1
100,5.6071,10.5752,1.864,0.3968,0.408,1.68,12,high,tower,flat,True,6,9,1,1,2,1,1,1
101,6.7836,10.601,1.871,0.3181,0.3654,0.7,5,high,house,gable,False,7,9,0,1,2,1,1,1
102,1.8834,10.8976,1.48,0.3664,0.3748,0.56,4,high,house,gable,False,4,9,0,2,63,1,1,1
103,3.1231,10.968,1.625,0.3497,0.3687,0.7,5,high,house,gable,False,4,9,3,2,63,1,1,1
104,4.7641,11.0156,1.758,0.3593,0.3634,0.7,5,high,house,gable,False,5,9,3,2,2,1,1,1
105,5.1826,11.0078,1.781,0.3607,0.3629,0.56,4,high,house,gable,False,6,9,0,2,2,1,1,1
106,5.5997,10.9984,1.798,0.3569,0.3626,0.84,6,high,house,gable,False,6,9,1,2,2,1,1,1
107,6.0084,10.9946,1.808,0.3463,0.3624,0.42,3,high,house,hip,False,6,9,2,2,2,1,1,1
108,6.4031,11.0025,1.81,0.3328,0.3624,0.56,4,high,house,hip,False,6,9,3,2,2,1,1,1
109,6.7819,11.0242,1.804,0.3201,0.3625,0.7,5,high,house,gable,False,7,9,0,2,2,1,1,1
110,-0.421,11.3804,1.07,0.4093,0.3898,0.84,6,high,house,gable,False,2,9,3,3,69,1,1,1
111,0.0531,11.358,1.148,0.4071,0.3883,0.56,4,high,house,hip,False,3,9,0,3,69,1,1,1
112,0.5221,11.3403,1.223,0.4001,0.3866,0.56,4,high,house,gable,False,3,9,1,3,69,1,1,1
113,1.862,11.3344,1.418,0.3683,0.3774,0.42,3,high,house,gable,False,4,9,0,3,63,1,1,1
114,2.2852,11.3502,1.471,0.3602,0.3729,0.7,5,high,house,hip,False,4,9,1,3,63,1,1,1
115,3.1105,11.3935,1.56,0.3521,0.3634,0.56,4,high,house,gable,False,4,9,3,3,63,1,1,1
116,5.5998,11.413,1.73,0.3583,0.3507,0.84,6,high,house,gable,False,6,9,1,3,2,1,1,1
117,6.0103,11.4091,1.739,0.348,0.3505,0.56,4,high,house,gable,False,6,9,2,3,2,1,1,1
118,6.7882,11.4385,1.735,0.3222,0.3503,0.42,3,high,house,hip,False,7,9,0,3,2,1,1,1
119,-0.9327,11.8688,0.935,0.4088,0.3981,0.42,3,high,house,gable,False,2,10,2,0,69,1,1,1
120,-0.4581,11.8364,1.012,0.4095,0.397,0.56,4,high,house,gable,False,2,10,3,0,69,1,1,1
121,0.0164,11.8123,1.088,0.4075,0.3957,0.7,5,high,house,hip,False,3,10,0,0,69,1,1,1
122,0.4861,11.7926,1.161,0.401,0.3938,0.42,3,high,house,gable,False,3,10,1,0,69,1,1,1
123,2.2637,11.7831,1.405,0.3651,0.3726,0.56,4,high,house,gable,False,4,10,1,0,63,1,1,1
124,2.685,11.7967,1.452,0.36,0.3643,0.56,4,high,house,hip,False,4,10,2,0,63,1,1,1
125,3.1016,11.8117,1.494,0.3572,0.3561,0.42,3,high,house,gable,False,4,10,3,0,63,1,1,1
126,3.5164,11.8248,1.533,0.3567,0.3487,0.56,4,high,house,gable,False,5,10,0,0,63,1,1,1
127,4.7697,11.8311,1.624,0.3626,0.3363,0.84,6,high,house,gable,False,5,10,3,0,2,1,1,1
128,5.1915,11.8216,1.646,0.3632,0.3354,0.84,6,high,house,gable,False,6,10,0,0,2,1,1,1
129,6.024,11.8075,1.672,0.3497,0.3353,0.7,5,high,house,hip,False,6,10,2,0,2,1,1,1
130,6.8068,11.8363,1.667,0.3246,0.3347,0.42,3,high,house,gable,False,7,10,0,0,2,1,1,1
131,-0.5061,12.3,0.951,0.4098,0.4047,0.56,4,high,house,hip,False,2,10,3,1,69,1,1,1
132,0.4396,12.2526,1.094,0.4025,0.4014,0.7,5,high,house,gable,False,3,10,1,1,69,1,1,1
133,1.8025,12.2166,1.283,0.3792,0.3831,0.56,4,high,house,hip,False,4,10,0,1,63,1,1,1
134,2.2397,12.2157,1.337,0.3729,0.3726,0.7,5,high,house,gable,False,4,10,1,1,63,1,1,1
135,3.0968,12.2218,1.429,0.3652,0.3495,0.56,4,high,house,gable,False,4,10,3,1,63,1,1,1
136,3.5206,12.2247,1.468,0.3638,0.3392,0.42,3,high,house,hip,False,5,10,0,1,63,1,1,1
137,5.2146,12.2026,1.581,0.3645,0.3212,0.7,5,high,house,gable,False,6,10,0,1,2,1,1,1
138,5.6363,12.1924,1.596,0.3609,0.3212,0.42,3,high,house,hip,False,6,10,1,1,2,1,1,1
139,6.0505,12.1882,1.605,0.3514,0.3212,0.7,5,high,house,gable,False,6,10,2,1,2,1,1,1
140,6.4518,12.1952,1.606,0.3391,0.3209,0.42,3,high,house,gable,False,6,10,3,1,2,1,1,1
141,11.9352,13.9692,0.902,0.3705,0.328,0.42,3,high,house,gable,False,10,11,0,1,75,1,1,1
142,12.0015,14.3559,0.839,0.3644,0.3468,0.56,4,high,house,hip,False,10,11,0,2,75,1,1,1
143,12.4209,14.3783,0.787,0.3581,0.354,0.7,5,high,house,gable,False,10,11,1,2,75,1,1,1
144,12.4684,14.7995,0.725,0.3521,0.375,0.56,4,high,house,hip,False,10,11,1,3,75,1,1,1
145,12.873,14.8333,0.674,0.3465,0.3815,0.84,6,high,house,gable,False,10,11,2,3,75,1,1,1
