x,y,height,slope,buildable,distance_to_road,accessibility,state,density,type,is_tower
0,0,0.276,0.08,True,8.746,0.241,0,none,forest,False
1,0,0.356,0.08,True,7.906,0.293,0,none,forest,False
2,0,0.435,0.079,True,7.106,0.343,0,none,forest,False
3,0,0.51,0.075,True,6.364,0.39,0,none,forest,False
4,0,0.576,0.066,True,5.701,0.432,0,none,forest,False
5,0,0.63,0.054,True,5.148,0.468,0,none,forest,False
6,0,0.672,0.049,True,4.743,0.496,0,none,forest,False
7,0,0.698,0.056,True,4.528,0.515,1,low,residential_low,False
8,0,0.708,0.063,True,4.528,0.522,1,low,residential_low,False
9,0,0.703,0.07,True,4.743,0.518,1,low,residential_low,False
10,0,0.683,0.076,True,5.148,0.504,1,low,residential_low,False
11,0,0.65,0.081,True,5.701,0.481,0,none,forest,False
12,0,0.607,0.085,True,6.364,0.452,0,none,forest,False
13,0,0.556,0.088,True,7.106,0.418,0,none,forest,False
14,0,0.501,0.09,True,7.906,0.38,0,none,forest,False
15,0,0.446,0.09,True,8.746,0.339,0,none,forest,False
16,0,0.394,0.088,True,9.618,0.296,0,none,forest,False
17,0,0.348,0.085,True,10.118,0.268,0,none,forest,False
18,0,0.31,0.081,True,9.431,0.297,0,none,forest,False
19,0,0.283,0.076,True,8.744,0.325,0,none,forest,False
20,0,0.268,0.07,True,8.058,0.352,0,none,forest,False
21,0,0.266,0.063,True,7.371,0.378,0,none,forest,False
22,0,0.275,0.057,True,6.684,0.403,0,none,forest,False
23,0,0.295,0.049,True,5.998,0.427,0,none,forest,False
24,0,0.323,0.043,True,5.315,0.45,0,none,forest,False
25,0,0.357,0.036,True,4.717,0.469,0,none,forest,False
26,0,0.393,0.036,True,4.272,0.48,0,none,forest,False
27,0,0.428,0.035,True,4.031,0.48,0,none,forest,False
28,0,0.459,0.031,True,4.031,0.468,0,none,forest,False
29,0,0.482,0.023,True,4.272,0.444,0,none,forest,False
0,1,0.29,0.084,True,8.276,0.275,0,none,forest,False
1,1,0.374,0.085,True,7.382,0.331,0,none,forest,False
2,1,0.459,0.085,True,6.519,0.384,0,none,forest,False
3,1,0.539,0.08,True,5.701,0.435,0,none,forest,False
4,1,0.611,0.072,True,4.95,0.482,0,none,forest,False
5,1,0.673,0.062,True,4.301,0.523,1,low,residential_low,False
6,1,0.721,0.049,True,3.808,0.556,1,low,residential_low,False
7,1,0.754,0.056,True,3.536,0.578,1,low,residential_low,False
8,1,0.771,0.064,True,3.536,0.585,1,low,residential_low,False
9,1,0.773,0.071,True,3.808,0.579,1,low,residential_low,False
10,1,0.759,0.078,True,4.301,0.561,1,low,residential_low,False
11,1,0.731,0.085,True,4.95,0.534,1,low,residential_low,False
12,1,0.692,0.089,True,5.701,0.501,1,low,residential_low,False
13,1,0.644,0.093,True,6.519,0.464,0,none,forest,False
14,1,0.591,0.094,True,7.382,0.423,0,none,forest,False
15,1,0.536,0.094,True,8.276,0.379,0,none,forest,False
16,1,0.482,0.093,True,9.192,0.333,0,none,forest,False
17,1,0.433,0.089,True,9.391,0.32,0,none,forest,False
18,1,0.391,0.085,True,8.704,0.349,0,none,forest,False
19,1,0.359,0.079,True,8.017,0.376,0,none,forest,False
20,1,0.338,0.072,True,7.331,0.403,0,none,forest,False
21,1,0.329,0.064,True,6.644,0.428,0,none,forest,False
22,1,0.332,0.057,True,5.957,0.453,0,none,forest,False
23,1,0.344,0.049,True,5.271,0.476,0,none,forest,False
24,1,0.366,0.043,True,4.584,0.499,0,none,forest,False
25,1,0.392,0.035,True,3.905,0.521,1,low,residential_low,False
26,1,0.422,0.03,True,3.354,0.537,1,low,residential_low,False
27,1,0.451,0.029,True,3.041,0.54,1,low,residential_low,False
28,1,0.477,0.026,True,3.041,0.527,1,low,residential_low,False
29,1,0.495,0.018,True,3.354,0.5,1,low,residential_low,False
0,2,0.297,0.09,True,7.906,0.305,0,none,forest,False
1,2,0.387,0.09,True,6.964,0.363,0,none,forest,False
2,2,0.477,0.09,True,6.042,0.419,1,low,residential_low,False
3,2,0.563,0.086,True,5.148,0.474,1,low,residential_low,False
4,2,0.643,0.08,True,4.301,0.526,1,low,residential_low,False
5,2,0.712,0.069,True,3.536,0.574,1,low,residential_low,False
6,2,0.769,0.057,True,2.915,0.613,1,low,residential_low,False
7,2,0.81,0.056,True,2.55,0.64,1,low,residential_low,False
8,2,0.835,0.065,True,2.55,0.648,1,low,residential_low,False
9,2,0.844,0.074,True,2.915,0.638,1,low,residential_low,False
10,2,0.837,0.081,True,3.536,0.614,1,low,residential_low,False
11,2,0.816,0.087,True,4.301,0.582,1,low,residential_low,False
12,2,0.781,0.093,True,5.148,0.544,1,low,residential_low,False
13,2,0.737,0.097,True,6.042,0.504,1,low,residential_low,False
14,2,0.685,0.099,True,6.964,0.46,1,low,residential_low,False
15,2,0.63,0.099,True,7.906,0.414,1,low,residential_low,False
16,2,0.575,0.096,True,8.86,0.366,1,low,residential_low,False
17,2,0.522,0.093,True,8.664,0.372,1,low,residential_low,False
18,2,0.476,0.088,True,7.977,0.4,1,low,residential_low,False
19,2,0.438,0.081,True,7.29,0.427,1,low,residential_low,False
20,2,0.41,0.073,True,6.604,0.453,1,low,residential_low,False
21,2,0.393,0.065,True,5.917,0.478,1,low,residential_low,False
22,2,0.388,0.056,True,5.23,0.502,1,low,residential_low,False
23,2,0.392,0.048,True,4.544,0.525,1,low,residential_low,False
24,2,0.405,0.039,True,3.857,0.548,1,low,residential_low,False
25,2,0.424,0.032,True,3.171,0.569,1,low,residential_low,False
26,2,0.447,0.025,True,2.5,0.59,1,low,residential_low,False
27,2,0.469,0.022,True,2.062,0.599,1,low,residential_low,False
28,2,0.489,0.02,True,2.062,0.586,1,low,residential_low,False
29,2,0.502,0.013,True,2.5,0.552,1,low,residential_low,False
0,3,0.297,0.096,True,7.649,0.328,0,none,forest,False
1,3,0.393,0.097,True,6.671,0.388,0,none,forest,False
2,3,0.49,0.097,True,5.701,0.448,1,low,residential_low,False
3,3,0.584,0.094,True,4.743,0.506,1,low,residential_low,False
4,3,0.672,0.088,True,3.808,0.563,1,low,residential_low,False
5,3,0.75,0.078,True,2.915,0.617,1,low,residential_low,False
6,3,0.815,0.065,True,2.121,0.666,1,low,residential_low,False
7,3,0.866,0.056,True,1.581,0.701,1,low,residential_low,False
8,3,0.9,0.066,True,1.581,0.71,1,low,residential_low,False
9,3,0.918,0.075,True,2.121,0.692,1,low,residential_low,False
10,3,0.918,0.084,True,2.915,0.66,1,low,residential_low,False
11,3,0.903,0.091,True,3.808,0.622,1,low,residential_low,False
12,3,0.874,0.097,True,4.743,0.581,1,low,residential_low,False
13,3,0.834,0.1,True,5.701,0.537,1,low,residential_low,False
14,3,0.784,0.103,True,6.671,0.491,1,low,residential_low,False
15,3,0.729,0.102,True,7.649,0.443,1,low,residential_low,False
16,3,0.671,0.101,True,8.623,0.394,1,low,residential_low,False
17,3,0.615,0.097,True,7.937,0.423,1,low,residential_low,False
18,3,0.564,0.09,True,7.25,0.451,1,low,residential_low,False
19,3,0.519,0.083,True,6.563,0.478,1,low,residential_low,False
20,3,0.483,0.075,True,5.877,0.503,1,low,residential_low,False
21,3,0.458,0.066,True,5.19,0.528,1,low,residential_low,False
22,3,0.443,0.056,True,4.503,0.551,1,low,residential_low,False
23,3,0.439,0.047,True,3.817,0.574,1,low,residential_low,False
24,3,0.443,0.038,True,3.13,0.596,1,low,residential_low,False
25,3,0.453,0.029,True,2.444,0.617,1,low,residential_low,False
26,3,0.467,0.02,True,1.757,0.638,1,low,residential_low,False
27,3,0.483,0.016,True,1.118,0.656,1,low,residential_low,False
28,3,0.496,0.013,True,1.118,0.642,1,low,residential_low,False
29,3,0.503,0.007,True,1.803,0.596,1,low,residential_low,False
0,4,0.293,0.102,True,7.517,0.344,0,none,forest,False
1,4,0.395,0.104,True,6.519,0.406,0,none,forest,False
2,4,0.499,0.104,True,5.523,0.467,1,low,residential_low,False
3,4,0.601,0.102,True,4.528,0.528,1,low,residential_low,False
4,4,0.698,0.097,True,3.536,0.588,1,low,residential_low,False
5,4,0.785,0.087,True,2.55,0.648,1,low,residential_low,False
6,4,0.861,0.076,True,1.581,0.705,1,low,residential_low,False
7,4,0.921,0.06,True,0.707,0.758,1,low,residential_low,False
8,4,0.966,0.066,True,0.707,0.767,1,low,residential_low,False
9,4,0.993,0.076,True,1.581,0.733,1,low,residential_low,False
10,4,1.002,0.085,True,2.55,0.693,1,low,residential_low,False
11,4,0.994,0.093,True,3.536,0.652,1,low,residential_low,False
12,4,0.971,0.099,True,4.526,0.608,1,low,residential_low,False
13,4,0.934,0.104,True,5.517,0.563,1,low,residential_low,False
14,4,0.887,0.105,True,6.508,0.516,1,low,residential_low,False
15,4,0.831,0.106,True,7.499,0.467,1,low,residential_low,False
16,4,0.772,0.104,True,7.896,0.446,1,low,residential_low,False
17,4,0.712,0.099,True,7.21,0.475,1,low,residential_low,False
18,4,0.654,0.093,True,6.523,0.502,1,low,residential_low,False
19,4,0.602,0.086,True,5.836,0.528,1,low,residential_low,False
20,4,0.558,0.076,True,5.15,0.553,1,low,residential_low,False
21,4,0.524,0.066,True,4.463,0.577,1,low,residential_low,False
22,4,0.499,0.056,True,3.776,0.6,1,low,residential_low,False
23,4,0.484,0.045,True,3.09,0.622,1,low,residential_low,False
24,4,0.478,0.035,True,2.403,0.643,1,low,residential_low,False
25,4,0.479,0.026,True,1.717,0.664,1,low,residential_low,False
26,4,0.485,0.018,True,1.03,0.684,1,low,residential_low,False
27,4,0.492,0.009,True,0.343,0.704,1,low,residential_low,False
28,4,0.497,0.005,True,0.5,0.682,1,low,residential_low,False
29,4,0.499,0.009,True,1.5,0.62,1,low,residential_low,False
0,5,0.284,0.109,True,7.517,0.354,0,none,forest,False
1,5,0.393,0.112,True,6.519,0.416,0,none,forest,False
2,5,0.505,0.112,True,5.523,0.478,1,low,residential_low,False
3,5,0.616,0.111,True,4.528,0.539,1,low,residential_low,False
4,5,0.722,0.106,True,3.535,0.6,1,low,residential_low,False
5,5,0.819,0.097,True,2.545,0.66,1,low,residential_low,False
6,5,0.905,0.086,True,1.554,0.72,1,low,residential_low,False
7,5,0.977,0.072,True,0.563,0.778,1,low,residential_low,False
8,5,1.032,0.066,True,0.428,0.795,1,low,residential_low,False
9,5,1.069,0.076,True,1.419,0.756,1,low,residential_low,False
10,5,1.087,0.086,True,2.41,0.716,1,low,residential_low,False
11,5,1.087,0.095,True,3.4,0.674,1,low,residential_low,False
12,5,1.07,0.101,True,4.391,0.631,1,low,residential_low,False
13,5,1.038,0.105,True,5.382,0.586,1,low,residential_low,False
14,5,0.992,0.108,True,6.373,0.54,1,low,residential_low,False
15,5,0.937,0.108,True,7.364,0.491,1,low,residential_low,False
16,5,0.876,0.105,True,7.169,0.497,1,low,residential_low,False
17,5,0.811,0.101,True,6.483,0.526,1,low,residential_low,False
18,5,0.747,0.095,True,5.796,0.553,1,low,residential_low,False
19,5,0.688,0.086,True,5.109,0.578,1,low,residential_low,False
20,5,0.634,0.077,True,4.423,0.602,1,low,residential_low,False
21,5,0.59,0.066,True,3.736,0.626,1,low,residential_low,False
22,5,0.554,0.055,True,3.049,0.648,1,low,residential_low,False
23,5,0.529,0.045,True,2.363,0.669,1,low,residential_low,False
24,5,0.512,0.034,True,1.676,0.69,1,low,residential_low,False
25,5,0.503,0.024,True,0.99,0.71,1,low,residential_low,False
26,5,0.499,0.014,True,0.303,0.729,1,low,residential_low,False
27,5,0.497,0.005,True,0.384,0.712,1,low,residential_low,False
28,5,0.495,0.005,True,1.07,0.664,1,low,residential_low,False
29,5,0.49,0.012,True,1.803,0.615,1,low,residential_low,False
0,6,0.272,0.116,True,7.634,0.357,0,none,forest,False
1,6,0.388,0.12,True,6.643,0.42,0,none,forest,False
2,6,0.508,0.12,True,5.652,0.482,1,low,residential_low,False
3,6,0.628,0.12,True,4.661,0.543,1,low,residential_low,False
4,6,0.744,0.116,True,3.671,0.605,1,low,residential_low,False
5,6,0.852,0.108,True,2.68,0.665,1,low,residential_low,False
6,6,0.949,0.097,True,1.689,0.726,1,low,residential_low,False
7,6,1.032,0.083,True,0.698,0.785,1,low,residential_low,False
8,6,1.098,0.066,True,0.293,0.815,1,low,residential_low,False
9,6,1.145,0.076,True,1.284,0.777,2,medium,residential_medium,False
10,6,1.173,0.086,True,2.274,0.738,2,medium,residential_medium,False
11,6,1.182,0.095,True,3.265,0.697,2,medium,residential_medium,False
12,6,1.171,0.101,True,4.256,0.654,1,low,residential_low,False
13,6,1.143,0.105,True,5.247,0.61,2,medium,residential_medium,False
14,6,1.1,0.108,True,6.238,0.563,2,medium,residential_medium,False
15,6,1.045,0.108,True,7.129,0.519,2,medium,residential_medium,False
16,6,0.981,0.105,True,6.442,0.549,2,medium,residential_medium,False
17,6,0.912,0.101,True,5.756,0.577,2,medium,residential_medium,False
18,6,0.842,0.095,True,5.069,0.603,2,medium,residential_medium,False
19,6,0.774,0.086,True,4.382,0.628,2,medium,residential_medium,False
20,6,0.711,0.077,True,3.696,0.651,1,low,residential_low,False
21,6,0.656,0.066,True,3.009,0.674,1,low,residential_low,False
22,6,0.609,0.055,True,2.322,0.695,1,low,residential_low,False
23,6,0.573,0.044,True,1.636,0.716,1,low,residential_low,False
24,6,0.545,0.033,True,0.949,0.736,1,low,residential_low,False
25,6,0.525,0.022,True,0.263,0.755,1,low,residential_low,False
26,6,0.511,0.014,True,0.424,0.733,1,low,residential_low,False
27,6,0.5,0.011,True,1.111,0.686,1,low,residential_low,False
28,6,0.49,0.012,True,1.797,0.638,1,low,residential_low,False
29,6,0.478,0.014,True,2.484,0.59,1,low,residential_low,False
0,7,0.258,0.123,True,7.769,0.359,0,none,forest,False
1,7,0.381,0.128,True,6.778,0.422,0,none,forest,False
2,7,0.509,0.129,True,5.787,0.484,1,low,residential_low,False
3,7,0.638,0.129,True,4.797,0.547,1,low,residential_low,False
4,7,0.764,0.126,True,3.806,0.608,1,low,residential_low,False
5,7,0.883,0.119,True,2.815,0.67,1,low,residential_low,False
6,7,0.992,0.109,True,1.824,0.731,1,low,residential_low,False
7,7,1.086,0.094,True,0.833,0.791,1,low,residential_low,False
8,7,1.163,0.077,True,0.158,0.835,2,medium,residential_medium,False
9,7,1.221,0.076,True,1.148,0.798,2,medium,residential_medium,False
10,7,1.259,0.086,True,2.139,0.759,2,medium,residential_medium,False
11,7,1.276,0.094,True,3.13,0.719,2,medium,residential_medium,False
12,7,1.271,0.1,True,4.121,0.677,2,medium,residential_medium,False
13,7,1.248,0.105,True,5.112,0.633,2,medium,residential_medium,False
14,7,1.207,0.107,True,6.103,0.587,2,medium,residential_medium,False
15,7,1.152,0.107,True,6.402,0.571,2,medium,residential_medium,False
16,7,1.086,0.105,True,5.715,0.601,2,medium,residential_medium,False
17,7,1.012,0.1,True,5.029,0.628,2,medium,residential_medium,False
18,7,0.936,0.094,True,4.342,0.653,2,medium,residential_medium,False
19,7,0.859,0.085,True,3.655,0.677,2,medium,residential_medium,False
20,7,0.787,0.076,True,2.969,0.7,2,medium,residential_medium,False
21,7,0.721,0.066,True,2.282,0.721,1,low,residential_low,False
22,7,0.663,0.058,True,1.595,0.742,1,low,residential_low,False
23,7,0.615,0.048,True,0.909,0.762,1,low,residential_low,False
24,7,0.576,0.039,True,0.222,0.781,1,low,residential_low,False
25,7,0.546,0.03,True,0.464,0.755,1,low,residential_low,False
26,7,0.522,0.024,True,1.151,0.707,1,low,residential_low,False
27,7,0.502,0.02,True,1.838,0.66,1,low,residential_low,False
28,7,0.483,0.019,True,2.524,0.611,1,low,residential_low,False
29,7,0.464,0.019,True,3.211,0.563,1,low,residential_low,False
0,8,0.243,0.13,True,7.904,0.359,0,none,forest,False
1,8,0.373,0.136,True,6.913,0.423,0,none,forest,False
2,8,0.509,0.139,True,5.922,0.486,1,low,residential_low,False
3,8,0.648,0.139,True,4.932,0.549,1,low,residential_low,False
4,8,0.784,0.136,True,3.941,0.611,1,low,residential_low,False
5,8,0.913,0.129,True,2.95,0.673,1,low,residential_low,False
6,8,1.033,0.12,True,1.959,0.735,1,low,residential_low,False
7,8,1.138,0.105,True,0.968,0.796,2,medium,residential_medium,False
8,8,1.226,0.088,True,0.023,0.854,2,medium,residential_medium,False
9,8,1.295,0.074,True,1.013,0.818,2,medium,residential_medium,False
10,8,1.342,0.083,True,2.004,0.78,2,medium,residential_medium,False
11,8,1.367,0.091,True,2.995,0.741,2,medium,residential_medium,False
12,8,1.369,0.098,True,3.986,0.7,2,medium,residential_medium,False
13,8,1.35,0.102,True,4.977,0.657,2,medium,residential_medium,False
14,8,1.312,0.105,True,5.967,0.61,2,medium,residential_medium,False
15,8,1.257,0.105,True,5.651,0.624,2,medium,residential_medium,False
16,8,1.188,0.102,True,4.988,0.652,2,medium,residential_medium,False
17,8,1.11,0.098,True,4.301,0.678,2,medium,residential_medium,False
18,8,1.027,0.091,True,3.615,0.703,2,medium,residential_medium,False
19,8,0.943,0.084,True,2.928,0.726,2,medium,residential_medium,False
20,8,0.861,0.082,True,2.242,0.747,2,medium,residential_medium,False
21,8,0.784,0.077,True,1.555,0.768,2,medium,residential_medium,False
22,8,0.716,0.068,True,0.868,0.788,2,medium,residential_medium,False
23,8,0.656,0.06,True,0.182,0.807,1,low,residential_low,False
24,8,0.606,0.05,True,0.505,0.777,1,low,residential_low,False
25,8,0.565,0.041,True,1.191,0.729,1,low,residential_low,False
26,8,0.531,0.034,True,1.878,0.681,1,low,residential_low,False
27,8,0.502,0.029,True,2.565,0.632,1,low,residential_low,False
28,8,0.476,0.027,True,3.251,0.583,1,low,residential_low,False
29,8,0.449,0.027,True,3.938,0.535,1,low,residential_low,False
0,9,0.229,0.136,True,8.039,0.359,0,none,forest,False
1,9,0.365,0.144,True,7.048,0.423,0,none,forest,False
2,9,0.509,0.147,True,6.058,0.486,1,low,residential_low,False
3,9,0.656,0.147,True,5.067,0.55,1,low,residential_low,False
4,9,0.801,0.145,True,4.076,0.613,1,low,residential_low,False
5,9,0.941,0.14,True,3.085,0.676,1,low,residential_low,False
6,9,1.071,0.13,True,2.094,0.738,2,medium,residential_medium,False
7,9,1.187,0.116,True,1.103,0.8,2,medium,residential_medium,False
8,9,1.286,0.099,True,0.113,0.861,2,medium,residential_medium,False
9,9,1.364,0.078,True,0.878,0.837,2,medium,residential_medium,False
10,9,1.42,0.078,True,1.869,0.801,2,medium,residential_medium,False
11,9,1.453,0.086,True,2.86,0.763,2,medium,residential_medium,False
12,9,1.461,0.092,True,3.851,0.723,2,medium,residential_medium,False
13,9,1.447,0.097,True,4.842,0.68,2,medium,residential_medium,False
14,9,1.41,0.098,True,5.291,0.66,2,medium,residential_medium,False
15,9,1.355,0.098,True,4.787,0.682,2,medium,residential_medium,False
16,9,1.285,0.097,True,4.261,0.703,2,medium,residential_medium,False
17,9,1.202,0.092,True,3.574,0.728,2,medium,residential_medium,False
18,9,1.113,0.092,True,2.888,0.752,2,medium,residential_medium,False
19,9,1.021,0.092,True,2.201,0.773,2,medium,residential_medium,False
20,9,0.93,0.091,True,1.515,0.794,2,medium,residential_medium,False
21,9,0.844,0.086,True,0.828,0.813,2,medium,residential_medium,False
22,9,0.765,0.079,True,0.141,0.832,2,medium,residential_medium,False
23,9,0.695,0.07,True,0.545,0.798,2,medium,residential_medium,False
24,9,0.634,0.061,True,1.232,0.75,1,low,residential_low,False
25,9,0.583,0.051,True,1.919,0.701,1,low,residential_low,False
26,9,0.539,0.044,True,2.605,0.653,1,low,residential_low,False
27,9,0.502,0.037,True,3.292,0.604,1,low,residential_low,False
28,9,0.468,0.034,True,3.978,0.555,1,low,residential_low,False
29,9,0.434,0.034,True,4.665,0.506,1,low,residential_low,False
0,10,0.215,0.143,True,8.174,0.358,0,none,forest,False
1,10,0.358,0.151,True,7.184,0.422,0,none,forest,False
2,10,0.509,0.155,True,6.193,0.486,1,low,residential_low,False
3,10,0.664,0.155,True,5.202,0.55,1,low,residential_low,False
4,10,0.817,0.153,True,4.211,0.613,1,low,residential_low,False
5,10,0.966,0.149,True,3.22,0.677,2,medium,residential_medium,False
6,10,1.106,0.14,True,2.229,0.74,2,medium,residential_medium,False
7,10,1.231,0.125,True,1.239,0.803,2,medium,residential_medium,False
8,10,1.34,0.109,True,0.248,0.865,2,medium,residential_medium,False
9,10,1.427,0.087,True,0.743,0.855,2,medium,residential_medium,False
10,10,1.491,0.071,True,1.734,0.82,2,medium,residential_medium,False
11,10,1.531,0.078,True,2.725,0.783,2,medium,residential_medium,False
12,10,1.545,0.084,True,3.716,0.745,2,medium,residential_medium,False
13,10,1.534,0.087,True,4.706,0.703,3,high,urban_high,False
14,10,1.5,0.09,True,4.427,0.719,3,high,urban_high,False
15,10,1.445,0.09,True,3.923,0.741,2,medium,residential_medium,False
16,10,1.372,0.087,True,3.419,0.759,2,medium,residential_medium,False
17,10,1.286,0.095,True,2.847,0.778,2,medium,residential_medium,False
18,10,1.191,0.099,True,2.161,0.799,2,medium,residential_medium,False
19,10,1.092,0.099,True,1.474,0.82,2,medium,residential_medium,False
20,10,0.993,0.099,True,0.788,0.839,2,medium,residential_medium,False
21,10,0.898,0.095,True,0.101,0.858,2,medium,residential_medium,False
22,10,0.809,0.089,True,0.586,0.819,2,medium,residential_medium,False
23,10,0.729,0.08,True,1.272,0.771,2,medium,residential_medium,False
24,10,0.659,0.07,True,1.959,0.722,1,low,residential_low,False
25,10,0.599,0.06,True,2.646,0.673,1,low,residential_low,False
26,10,0.547,0.052,True,3.332,0.624,1,low,residential_low,False
27,10,0.502,0.045,True,4.019,0.574,1,low,residential_low,False
28,10,0.461,0.041,True,4.705,0.525,1,low,residential_low,False
29,10,0.421,0.04,True,5.392,0.475,0,none,forest,False
0,11,0.204,0.148,True,8.309,0.356,0,none,forest,False
1,11,0.352,0.157,True,7.319,0.42,0,none,forest,False
2,11,0.509,0.161,True,6.328,0.484,1,low,residential_low,False
3,11,0.67,0.162,True,5.337,0.548,1,low,residential_low,False
4,11,0.832,0.162,True,4.346,0.613,2,medium,residential_medium,False
5,11,0.988,0.156,True,3.355,0.677,2,medium,residential_medium,False
6,11,1.136,0.148,True,2.364,0.74,2,medium,residential_medium,False
7,11,1.27,0.134,True,1.374,0.804,2,medium,residential_medium,False
8,11,1.386,0.116,True,0.383,0.867,2,medium,residential_medium,False
9,11,1.481,0.095,True,0.608,0.871,2,medium,residential_medium,False
10,11,1.553,0.072,True,1.599,0.838,2,medium,residential_medium,False
11,11,1.598,0.067,True,2.59,0.803,3,high,urban_high,False
12,11,1.617,0.072,True,3.58,0.766,3,high,urban_high,False
13,11,1.609,0.075,True,4.067,0.75,3,high,urban_high,False
14,11,1.577,0.077,True,3.563,0.777,5,none,plaza,False
15,11,1.522,0.077,True,3.059,0.799,5,none,plaza,False
16,11,1.447,0.089,True,2.555,0.815,2,medium,residential_medium,False
17,11,1.358,0.1,True,2.051,0.829,3,high,urban_high,False
18,11,1.258,0.105,True,1.434,0.846,3,high,urban_high,False
19,11,1.153,0.106,True,0.747,0.865,2,medium,residential_medium,False
20,11,1.047,0.106,True,0.061,0.883,2,medium,residential_medium,False
21,11,0.944,0.103,True,0.626,0.84,2,medium,residential_medium,False
22,11,0.847,0.097,True,1.313,0.791,2,medium,residential_medium,False
23,11,0.759,0.088,True,1.999,0.742,2,medium,residential_medium,False
24,11,0.681,0.078,True,2.686,0.692,2,medium,residential_medium,False
25,11,0.613,0.068,True,3.373,0.643,1,low,residential_low,False
26,11,0.554,0.059,True,4.059,0.593,1,low,residential_low,False
27,11,0.502,0.052,True,4.746,0.544,1,low,residential_low,False
28,11,0.455,0.047,True,5.432,0.494,0,none,forest,False
29,11,0.41,0.045,True,6.119,0.444,0,none,forest,False
0,12,0.196,0.152,True,8.445,0.352,0,none,forest,False
1,12,0.348,0.162,True,7.454,0.417,0,none,forest,False
2,12,0.51,0.166,True,6.463,0.481,1,low,residential_low,False
3,12,0.676,0.167,True,5.472,0.546,1,low,residential_low,False
4,12,0.843,0.167,True,4.481,0.61,2,medium,residential_medium,False
5,12,1.006,0.163,True,3.49,0.675,2,medium,residential_medium,False
6,12,1.16,0.154,True,2.5,0.739,2,medium,residential_medium,False
7,12,1.301,0.141,True,1.509,0.803,2,medium,residential_medium,False
8,12,1.423,0.122,True,0.518,0.867,2,medium,residential_medium,False
9,12,1.525,0.102,True,0.473,0.885,2,medium,residential_medium,False
10,12,1.602,0.077,True,1.464,0.853,3,high,urban_high,False
11,12,1.652,0.054,True,2.455,0.82,2,medium,residential_medium,False
12,12,1.675,0.058,True,3.445,0.786,4,high,tower_candidate,True
13,12,1.67,0.061,True,3.203,0.808,3,high,urban_high,False
14,12,1.638,0.061,True,2.699,0.836,3,high,urban_high,False
15,12,1.583,0.076,True,2.195,0.856,5,none,plaza,False
16,12,1.507,0.091,True,1.692,0.87,5,none,plaza,False
17,12,1.416,0.104,True,1.188,0.881,3,high,urban_high,False
18,12,1.312,0.11,True,0.684,0.891,4,high,tower_candidate,True
19,12,1.202,0.111,True,0.02,0.907,2,medium,residential_medium,False
20,12,1.091,0.111,True,0.666,0.86,2,medium,residential_medium,False
21,12,0.981,0.11,True,1.353,0.811,2,medium,residential_medium,False
22,12,0.878,0.103,True,2.04,0.761,2,medium,residential_medium,False
23,12,0.784,0.094,True,2.726,0.711,2,medium,residential_medium,False
24,12,0.699,0.085,True,3.413,0.662,2,medium,residential_medium,False
25,12,0.625,0.074,True,4.1,0.612,1,low,residential_low,False
26,12,0.559,0.066,True,4.786,0.562,1,low,residential_low,False
27,12,0.502,0.057,True,5.473,0.512,1,low,residential_low,False
28,12,0.451,0.051,True,6.159,0.462,0,none,forest,False
29,12,0.402,0.049,True,6.846,0.412,0,none,forest,False
0,13,0.191,0.155,True,7.632,0.393,0,none,forest,False
1,13,0.346,0.165,True,7.159,0.433,0,none,forest,False
2,13,0.511,0.17,True,6.598,0.477,1,low,residential_low,False
3,13,0.681,0.171,True,5.607,0.542,2,medium,residential_medium,False
4,13,0.852,0.171,True,4.616,0.606,2,medium,residential_medium,False
5,13,1.019,0.167,True,3.626,0.671,2,medium,residential_medium,False
6,13,1.178,0.159,True,2.635,0.736,2,medium,residential_medium,False
7,13,1.323,0.145,True,1.644,0.8,2,medium,residential_medium,False
8,13,1.45,0.127,True,0.653,0.865,2,medium,residential_medium,False
9,13,1.556,0.106,True,0.338,0.897,2,medium,residential_medium,False
10,13,1.636,0.08,True,1.329,0.866,2,medium,residential_medium,False
11,13,1.69,0.054,True,2.319,0.834,3,high,urban_high,False
12,13,1.715,0.04,True,2.843,0.825,3,high,urban_high,False
13,13,1.712,0.042,True,2.339,0.863,3,high,urban_high,False
14,13,1.682,0.056,True,1.836,0.895,5,none,plaza,False
15,13,1.626,0.076,True,1.332,0.912,1,low,residential_low,False
16,13,1.55,0.094,True,0.828,0.922,5,none,plaza,False
17,13,1.456,0.106,True,0.324,0.93,3,high,urban_high,False
18,13,1.35,0.113,True,0.18,0.921,2,medium,residential_medium,False
19,13,1.237,0.116,True,0.088,0.909,2,medium,residential_medium,False
20,13,1.121,0.116,True,0.877,0.854,2,medium,residential_medium,False
21,13,1.008,0.113,True,1.666,0.799,2,medium,residential_medium,False
22,13,0.9,0.108,True,2.456,0.744,2,medium,residential_medium,False
23,13,0.801,0.099,True,3.245,0.689,2,medium,residential_medium,False
24,13,0.712,0.089,True,4.034,0.634,2,medium,residential_medium,False
25,13,0.633,0.079,True,4.824,0.579,1,low,residential_low,False
26,13,0.564,0.069,True,5.513,0.529,1,low,residential_low,False
27,13,0.503,0.061,True,6.2,0.479,1,low,residential_low,False
28,13,0.448,0.055,True,6.886,0.429,0,none,forest,False
29,13,0.397,0.051,True,7.573,0.379,0,none,forest,False
0,14,0.189,0.157,True,6.801,0.434,0,none,forest,False
1,14,0.346,0.166,True,6.265,0.476,0,none,forest,False
2,14,0.512,0.172,True,5.852,0.513,1,low,residential_low,False
3,14,0.684,0.174,True,5.59,0.543,2,medium,residential_medium,False
4,14,0.858,0.174,True,4.751,0.601,2,medium,residential_medium,False
5,14,1.027,0.169,True,3.761,0.665,2,medium,residential_medium,False
6,14,1.188,0.161,True,2.77,0.73,2,medium,residential_medium,False
7,14,1.335,0.147,True,1.779,0.795,2,medium,residential_medium,False
8,14,1.465,0.13,True,0.788,0.86,2,medium,residential_medium,False
9,14,1.573,0.108,True,0.203,0.905,2,medium,residential_medium,False
10,14,1.655,0.082,True,1.193,0.874,3,high,urban_high,False
11,14,1.711,0.056,True,2.184,0.844,3,high,urban_high,False
12,14,1.737,0.026,True,1.979,0.871,5,none,plaza,False
13,14,1.735,0.03,True,1.476,0.912,3,high,urban_high,False
14,14,1.705,0.055,True,0.972,0.953,5,none,plaza,False
15,14,1.65,0.077,True,0.468,0.96,5,none,plaza,False
16,14,1.573,0.095,True,0.036,0.964,5,none,plaza,False
17,14,1.478,0.107,True,0.54,0.923,2,medium,residential_medium,False
18,14,1.371,0.115,True,1.044,0.881,3,high,urban_high,False
19,14,1.256,0.118,True,0.526,0.889,3,high,urban_high,False
20,14,1.138,0.118,True,0.263,0.885,3,high,urban_high,False
21,14,1.023,0.115,True,1.052,0.83,2,medium,residential_medium,False
22,14,0.913,0.11,True,1.842,0.775,2,medium,residential_medium,False
23,14,0.811,0.102,True,2.631,0.72,2,medium,residential_medium,False
24,14,0.72,0.091,True,3.421,0.665,2,medium,residential_medium,False
25,14,0.639,0.081,True,4.21,0.61,1,low,residential_low,False
26,14,0.568,0.071,True,4.986,0.555,1,low,residential_low,False
27,14,0.505,0.063,True,5.738,0.502,1,low,residential_low,False
28,14,0.448,0.057,True,6.491,0.449,0,none,forest,False
29,14,0.395,0.053,True,7.244,0.395,0,none,forest,False
0,15,0.192,0.156,True,6.021,0.471,0,none,forest,False
1,15,0.348,0.166,True,5.408,0.517,1,low,residential_low,False
2,15,0.514,0.173,True,4.924,0.557,1,low,residential_low,False
3,15,0.687,0.173,True,4.61,0.59,2,medium,residential_medium,False
4,15,0.86,0.173,True,4.5,0.612,2,medium,residential_medium,False
5,15,1.029,0.169,True,3.896,0.658,2,medium,residential_medium,False
6,15,1.19,0.161,True,2.905,0.723,2,medium,residential_medium,False
7,15,1.337,0.147,True,1.914,0.787,2,medium,residential_medium,False
8,15,1.467,0.13,True,0.923,0.852,2,medium,residential_medium,False
9,15,1.575,0.108,True,0.068,0.91,2,medium,residential_medium,False
10,15,1.657,0.082,True,1.058,0.879,3,high,urban_high,False
11,15,1.713,0.056,True,1.691,0.865,3,high,urban_high,False
12,15,1.739,0.026,True,1.116,0.908,3,high,urban_high,False
13,15,1.737,0.03,True,0.612,0.946,3,high,urban_high,False
14,15,1.707,0.055,True,0.108,0.978,3,high,urban_high,False
15,15,1.652,0.077,True,0.396,0.957,3,high,urban_high,False
16,15,1.575,0.095,True,0.9,0.919,3,high,urban_high,False
17,15,1.48,0.107,True,1.404,0.878,5,none,plaza,False
18,15,1.373,0.115,True,1.908,0.838,5,none,plaza,False
19,15,1.258,0.118,True,1.14,0.858,2,medium,residential_medium,False
20,15,1.14,0.118,True,0.351,0.879,3,high,urban_high,False
21,15,1.025,0.115,True,0.439,0.858,2,medium,residential_medium,False
22,15,0.915,0.11,True,1.228,0.803,2,medium,residential_medium,False
23,15,0.813,0.102,True,2.017,0.748,2,medium,residential_medium,False
24,15,0.722,0.091,True,2.807,0.693,1,low,residential_low,False
25,15,0.641,0.081,True,3.575,0.639,1,low,residential_low,False
26,15,0.57,0.071,True,4.327,0.586,1,low,residential_low,False
27,15,0.507,0.063,True,5.08,0.533,1,low,residential_low,False
28,15,0.45,0.057,True,5.832,0.48,0,none,forest,False
29,15,0.397,0.053,True,6.585,0.426,0,none,forest,False
0,16,0.197,0.155,True,5.315,0.503,1,low,residential_low,False
1,16,0.352,0.165,True,4.61,0.554,1,low,residential_low,False
2,16,0.517,0.17,True,4.031,0.598,2,medium,residential_medium,False
3,16,0.687,0.171,True,3.64,0.634,2,medium,residential_medium,False
4,16,0.858,0.171,True,3.5,0.657,2,medium,residential_medium,False
5,16,1.025,0.167,True,3.554,0.672,2,medium,residential_medium,False
6,16,1.184,0.159,True,2.621,0.733,2,medium,residential_medium,False
7,16,1.329,0.145,True,1.687,0.795,2,medium,residential_medium,False
8,16,1.456,0.127,True,0.754,0.856,2,medium,residential_medium,False
9,16,1.562,0.106,True,0.179,0.899,2,medium,residential_medium,False
10,16,1.643,0.081,True,1.113,0.87,2,medium,residential_medium,False
11,16,1.696,0.053,True,0.882,0.896,4,high,tower_candidate,True
12,16,1.721,0.036,True,0.294,0.938,1,low,residential_low,False
13,16,1.718,0.038,True,0.252,0.95,3,high,urban_high,False
14,16,1.688,0.055,True,0.756,0.929,2,medium,residential_medium,False
15,16,1.633,0.077,True,1.26,0.901,4,high,tower_candidate,True
16,16,1.556,0.094,True,1.764,0.867,3,high,urban_high,False
17,16,1.462,0.106,True,2.267,0.829,2,medium,residential_medium,False
18,16,1.356,0.113,True,2.543,0.801,3,high,urban_high,False
19,16,1.243,0.115,True,1.754,0.824,4,high,tower_candidate,True
20,16,1.128,0.115,True,0.965,0.846,3,high,urban_high,False
21,16,1.014,0.114,True,0.175,0.867,2,medium,residential_medium,False
22,16,0.907,0.107,True,0.614,0.83,2,medium,residential_medium,False
23,16,0.807,0.1,True,1.403,0.775,2,medium,residential_medium,False
24,16,0.718,0.089,True,2.164,0.722,1,low,residential_low,False
25,16,0.64,0.078,True,2.916,0.669,1,low,residential_low,False
26,16,0.571,0.069,True,3.669,0.616,1,low,residential_low,False
27,16,0.51,0.061,True,4.421,0.563,1,low,residential_low,False
28,16,0.455,0.055,True,5.174,0.51,1,low,residential_low,False
29,16,0.403,0.052,True,5.927,0.456,0,none,forest,False
0,17,0.206,0.152,True,4.717,0.529,1,low,residential_low,False
1,17,0.358,0.162,True,3.905,0.584,1,low,residential_low,False
2,17,0.52,0.166,True,3.202,0.635,1,low,residential_low,False
3,17,0.686,0.167,True,2.693,0.676,2,medium,residential_medium,False
4,17,0.853,0.167,True,2.5,0.701,2,medium,residential_medium,False
5,17,1.016,0.163,True,2.63,0.711,2,medium,residential_medium,False
6,17,1.17,0.154,True,2.262,0.745,2,medium,residential_medium,False
7,17,1.311,0.141,True,1.328,0.806,2,medium,residential_medium,False
8,17,1.434,0.123,True,0.395,0.866,2,medium,residential_medium,False
9,17,1.535,0.101,True,0.538,0.875,2,medium,residential_medium,False
10,17,1.612,0.077,True,0.662,0.883,2,medium,residential_medium,False
11,17,1.662,0.05,True,0.074,0.924,2,medium,residential_medium,False
12,17,1.685,0.054,True,0.354,0.921,3,high,urban_high,False
13,17,1.68,0.057,True,1.061,0.895,2,medium,residential_medium,False
14,17,1.648,0.058,True,1.62,0.871,3,high,urban_high,False
15,17,1.593,0.075,True,2.123,0.844,3,high,urban_high,False
16,17,1.518,0.092,True,2.627,0.812,3,high,urban_high,False
17,17,1.426,0.104,True,3.131,0.777,2,medium,residential_medium,False
18,17,1.322,0.11,True,3.157,0.763,3,high,urban_high,False
19,17,1.212,0.111,True,2.368,0.786,2,medium,residential_medium,False
20,17,1.101,0.111,True,1.579,0.809,2,medium,residential_medium,False
21,17,0.992,0.109,True,0.789,0.832,2,medium,residential_medium,False
22,17,0.888,0.104,True,0.0,0.854,2,medium,residential_medium,False
23,17,0.794,0.094,True,0.753,0.802,1,low,residential_low,False
24,17,0.709,0.085,True,1.505,0.749,1,low,residential_low,False
25,17,0.635,0.074,True,2.258,0.697,1,low,residential_low,False
26,17,0.57,0.065,True,3.01,0.644,1,low,residential_low,False
27,17,0.512,0.058,True,3.763,0.591,1,low,residential_low,False
28,17,0.461,0.051,True,4.515,0.538,1,low,residential_low,False
29,17,0.412,0.049,True,5.268,0.485,0,none,forest,False
0,18,0.218,0.148,True,4.272,0.546,1,low,residential_low,False
1,18,0.366,0.157,True,3.354,0.606,1,low,residential_low,False
2,18,0.523,0.161,True,2.5,0.664,1,low,residential_low,False
3,18,0.684,0.161,True,1.803,0.713,2,medium,residential_medium,False
4,18,0.845,0.161,True,1.5,0.744,2,medium,residential_medium,False
5,18,1.002,0.157,True,1.644,0.753,2,medium,residential_medium,False
6,18,1.149,0.147,True,1.808,0.76,2,medium,residential_medium,False
7,18,1.283,0.134,True,0.969,0.816,2,medium,residential_medium,False
8,18,1.4,0.117,True,0.036,0.875,2,medium,residential_medium,False
9,18,1.495,0.095,True,0.441,0.869,2,medium,residential_medium,False
10,18,1.566,0.071,True,0.147,0.896,2,medium,residential_medium,False
11,18,1.612,0.065,True,0.354,0.898,2,medium,residential_medium,False
12,18,1.631,0.07,True,1.061,0.873,3,high,urban_high,False
13,18,1.623,0.073,True,1.768,0.845,3,high,urban_high,False
14,18,1.59,0.074,True,2.475,0.813,3,high,urban_high,False
15,18,1.535,0.074,True,2.987,0.786,3,high,urban_high,False
16,18,1.461,0.089,True,3.491,0.756,3,high,urban_high,False
17,18,1.372,0.1,True,3.995,0.722,3,high,urban_high,False
18,18,1.272,0.105,True,3.771,0.722,2,medium,residential_medium,False
19,18,1.167,0.106,True,2.982,0.747,2,medium,residential_medium,False
20,18,1.061,0.106,True,2.193,0.771,2,medium,residential_medium,False
21,18,0.958,0.103,True,1.411,0.794,2,medium,residential_medium,False
22,18,0.861,0.097,True,0.659,0.816,2,medium,residential_medium,False
23,18,0.773,0.088,True,0.094,0.827,1,low,residential_low,False
24,18,0.695,0.078,True,0.847,0.775,1,low,residential_low,False
25,18,0.626,0.069,True,1.599,0.723,1,low,residential_low,False
26,18,0.567,0.059,True,2.352,0.671,1,low,residential_low,False
27,18,0.515,0.052,True,3.104,0.618,1,low,residential_low,False
28,18,0.468,0.047,True,3.857,0.566,1,low,residential_low,False
29,18,0.423,0.045,True,4.61,0.513,1,low,residential_low,False
0,19,0.231,0.143,True,4.031,0.552,1,low,residential_low,False
1,19,0.374,0.151,True,3.041,0.616,1,low,residential_low,False
2,19,0.525,0.155,True,2.062,0.679,1,low,residential_low,False
3,19,0.68,0.155,True,1.118,0.74,1,low,residential_low,False
4,19,0.834,0.154,True,0.5,0.785,2,medium,residential_medium,False
5,19,0.983,0.149,True,0.658,0.793,2,medium,residential_medium,False
6,19,1.122,0.139,True,0.822,0.799,2,medium,residential_medium,False
7,19,1.248,0.126,True,0.61,0.824,2,medium,residential_medium,False
8,19,1.356,0.108,True,0.221,0.856,2,medium,residential_medium,False
9,19,1.443,0.087,True,0.354,0.862,2,medium,residential_medium,False
10,19,1.508,0.069,True,0.354,0.874,2,medium,residential_medium,False
11,19,1.547,0.076,True,1.061,0.849,3,high,urban_high,False
12,19,1.561,0.081,True,1.768,0.823,3,high,urban_high,False
13,19,1.55,0.085,True,2.475,0.794,3,high,urban_high,False
14,19,1.516,0.088,True,3.182,0.761,3,high,urban_high,False
15,19,1.461,0.088,True,3.851,0.728,3,high,urban_high,False
16,19,1.388,0.086,True,4.355,0.698,2,medium,residential_medium,False
17,19,1.302,0.095,True,4.859,0.667,2,medium,residential_medium,False
18,19,1.207,0.099,True,4.385,0.68,2,medium,residential_medium,False
19,19,1.108,0.099,True,3.596,0.706,2,medium,residential_medium,False
20,19,1.009,0.099,True,2.822,0.731,2,medium,residential_medium,False
21,19,0.914,0.095,True,2.07,0.754,2,medium,residential_medium,False
22,19,0.825,0.089,True,1.317,0.776,1,low,residential_low,False
23,19,0.745,0.08,True,0.564,0.797,1,low,residential_low,False
24,19,0.675,0.07,True,0.188,0.8,1,low,residential_low,False
25,19,0.615,0.06,True,0.941,0.748,1,low,residential_low,False
26,19,0.563,0.052,True,1.693,0.697,1,low,residential_low,False
27,19,0.518,0.045,True,2.446,0.645,1,low,residential_low,False
28,19,0.477,0.041,True,3.202,0.592,1,low,residential_low,False
29,19,0.437,0.04,True,4.031,0.536,1,low,residential_low,False
0,20,0.247,0.136,True,4.031,0.546,1,low,residential_low,False
1,20,0.383,0.144,True,3.041,0.609,1,low,residential_low,False
2,20,0.527,0.147,True,2.062,0.672,1,low,residential_low,False
3,20,0.674,0.147,True,1.118,0.732,1,low,residential_low,False
4,20,0.819,0.145,True,0.493,0.777,1,low,residential_low,False
5,20,0.959,0.14,True,0.329,0.8,2,medium,residential_medium,False
6,20,1.089,0.13,True,0.164,0.821,2,medium,residential_medium,False
7,20,1.205,0.116,True,0.0,0.843,2,medium,residential_medium,False
8,20,1.304,0.099,True,0.354,0.838,2,medium,residential_medium,False
9,20,1.382,0.078,True,0.354,0.85,2,medium,residential_medium,False
10,20,1.439,0.078,True,1.061,0.826,2,medium,residential_medium,False
11,20,1.471,0.085,True,1.768,0.8,2,medium,residential_medium,False
12,20,1.48,0.092,True,2.475,0.773,3,high,urban_high,False
13,20,1.465,0.096,True,3.182,0.743,3,high,urban_high,False
14,20,1.428,0.097,True,3.889,0.71,4,high,tower_candidate,True
15,20,1.373,0.097,True,4.596,0.675,3,high,urban_high,False
16,20,1.303,0.096,True,5.219,0.641,3,high,urban_high,False
17,20,1.22,0.091,True,5.723,0.61,2,medium,residential_medium,False
18,20,1.131,0.092,True,4.999,0.636,2,medium,residential_medium,False
19,20,1.039,0.092,True,4.233,0.663,2,medium,residential_medium,False
20,20,0.948,0.091,True,3.481,0.688,2,medium,residential_medium,False
21,20,0.862,0.086,True,2.728,0.711,1,low,residential_low,False
22,20,0.783,0.079,True,1.976,0.734,1,low,residential_low,False
23,20,0.713,0.07,True,1.223,0.756,1,low,residential_low,False
24,20,0.652,0.061,True,0.47,0.778,1,low,residential_low,False
25,20,0.601,0.051,True,0.282,0.773,1,low,residential_low,False
26,20,0.557,0.044,True,1.035,0.721,1,low,residential_low,False
27,20,0.52,0.037,True,1.803,0.669,1,low,residential_low,False
28,20,0.486,0.034,True,2.693,0.61,1,low,residential_low,False
29,20,0.452,0.034,True,3.64,0.549,1,low,residential_low,False
0,21,0.262,0.13,True,4.272,0.527,1,low,residential_low,False
1,21,0.392,0.137,True,3.354,0.586,1,low,residential_low,False
2,21,0.529,0.138,True,2.5,0.643,1,low,residential_low,False
3,21,0.667,0.138,True,1.803,0.691,1,low,residential_low,False
4,21,0.803,0.136,True,1.48,0.72,1,low,residential_low,False
5,21,0.932,0.129,True,1.315,0.742,1,low,residential_low,False
6,21,1.052,0.12,True,0.826,0.779,2,medium,residential_medium,False
7,21,1.157,0.105,True,0.108,0.826,2,medium,residential_medium,False
8,21,1.245,0.088,True,0.354,0.826,2,medium,residential_medium,False
9,21,1.314,0.073,True,1.061,0.802,2,medium,residential_medium,False
10,21,1.361,0.083,True,1.768,0.777,2,medium,residential_medium,False
11,21,1.386,0.091,True,2.475,0.751,2,medium,residential_medium,False
12,21,1.388,0.097,True,3.182,0.723,2,medium,residential_medium,False
13,21,1.369,0.102,True,3.889,0.692,3,high,urban_high,False
14,21,1.331,0.104,True,4.596,0.659,3,high,urban_high,False
15,21,1.276,0.105,True,5.303,0.624,3,high,urban_high,False
16,21,1.207,0.102,True,6.01,0.586,3,high,urban_high,False
17,21,1.129,0.097,True,6.403,0.562,2,medium,residential_medium,False
18,21,1.046,0.091,True,5.644,0.591,2,medium,residential_medium,False
19,21,0.962,0.084,True,4.892,0.618,1,low,residential_low,False
20,21,0.88,0.082,True,4.139,0.643,1,low,residential_low,False
21,21,0.803,0.077,True,3.387,0.668,1,low,residential_low,False
22,21,0.735,0.068,True,2.634,0.692,1,low,residential_low,False
23,21,0.675,0.06,True,1.881,0.715,1,low,residential_low,False
24,21,0.625,0.05,True,1.129,0.737,1,low,residential_low,False
25,21,0.584,0.041,True,0.376,0.759,1,low,residential_low,False
26,21,0.55,0.034,True,0.5,0.739,1,low,residential_low,False
27,21,0.521,0.029,True,1.5,0.676,1,low,residential_low,False
28,21,0.495,0.027,True,2.5,0.612,1,low,residential_low,False
29,21,0.468,0.027,True,3.5,0.549,1,low,residential_low,False
0,22,0.277,0.123,True,3.49,0.557,1,low,residential_low,False
1,22,0.4,0.128,True,2.953,0.597,1,low,residential_low,False
2,22,0.528,0.13,True,2.416,0.638,1,low,residential_low,False
3,22,0.658,0.13,True,1.879,0.677,1,low,residential_low,False
4,22,0.784,0.126,True,1.342,0.717,1,low,residential_low,False
5,22,0.903,0.119,True,0.805,0.756,1,low,residential_low,False
6,22,1.011,0.108,True,0.268,0.794,1,low,residential_low,False
7,22,1.105,0.094,True,0.354,0.802,2,medium,residential_medium,False
8,22,1.182,0.077,True,1.061,0.778,2,medium,residential_medium,False
9,22,1.241,0.077,True,1.768,0.754,2,medium,residential_medium,False
10,22,1.278,0.086,True,2.475,0.728,2,medium,residential_medium,False
11,22,1.295,0.095,True,3.182,0.701,2,medium,residential_medium,False
12,22,1.291,0.101,True,3.889,0.672,2,medium,residential_medium,False
13,22,1.267,0.105,True,4.596,0.641,2,medium,residential_medium,False
14,22,1.227,0.109,True,5.303,0.608,3,high,urban_high,False
15,22,1.171,0.108,True,6.01,0.573,2,medium,residential_medium,False
16,22,1.105,0.106,True,6.718,0.536,2,medium,residential_medium,False
17,22,1.032,0.102,True,7.055,0.514,2,medium,residential_medium,False
18,22,0.955,0.095,True,6.303,0.544,1,low,residential_low,False
19,22,0.879,0.087,True,5.55,0.572,1,low,residential_low,False
20,22,0.806,0.076,True,4.798,0.598,1,low,residential_low,False
21,22,0.74,0.066,True,4.045,0.624,1,low,residential_low,False
22,22,0.683,0.057,True,3.293,0.648,1,low,residential_low,False
23,22,0.635,0.048,True,2.54,0.672,1,low,residential_low,False
24,22,0.596,0.039,True,1.787,0.695,1,low,residential_low,False
25,22,0.565,0.031,True,1.118,0.714,1,low,residential_low,False
26,22,0.541,0.024,True,1.118,0.7,1,low,residential_low,False
27,22,0.521,0.02,True,1.803,0.653,1,low,residential_low,False
28,22,0.503,0.02,True,2.693,0.595,1,low,residential_low,False
29,22,0.483,0.02,True,3.64,0.535,1,low,residential_low,False
0,23,0.29,0.116,True,2.646,0.589,1,low,residential_low,False
1,23,0.406,0.12,True,2.109,0.629,1,low,residential_low,False
2,23,0.526,0.12,True,1.572,0.668,1,low,residential_low,False
3,23,0.646,0.12,True,1.035,0.708,1,low,residential_low,False
4,23,0.762,0.116,True,0.499,0.746,1,low,residential_low,False
5,23,0.87,0.108,True,0.038,0.781,1,low,residential_low,False
6,23,0.968,0.098,True,0.575,0.767,1,low,residential_low,False
7,23,1.05,0.082,True,1.112,0.752,1,low,residential_low,False
8,23,1.116,0.068,True,1.768,0.73,2,medium,residential_medium,False
9,23,1.164,0.079,True,2.475,0.705,2,medium,residential_medium,False
10,23,1.192,0.088,True,3.182,0.679,2,medium,residential_medium,False
11,23,1.2,0.096,True,3.889,0.651,2,medium,residential_medium,False
12,23,1.19,0.103,True,4.596,0.621,2,medium,residential_medium,False
13,23,1.162,0.107,True,5.303,0.59,2,medium,residential_medium,False
14,23,1.118,0.109,True,6.01,0.557,2,medium,residential_medium,False
15,23,1.063,0.109,True,6.718,0.522,2,medium,residential_medium,False
16,23,0.999,0.107,True,7.425,0.485,2,medium,residential_medium,False
17,23,0.93,0.102,True,7.714,0.467,1,low,residential_low,False
18,23,0.86,0.096,True,6.961,0.497,1,low,residential_low,False
19,23,0.792,0.088,True,6.209,0.525,1,low,residential_low,False
20,23,0.73,0.079,True,5.456,0.553,1,low,residential_low,False
21,23,0.674,0.068,True,4.704,0.579,1,low,residential_low,False
22,23,0.628,0.057,True,3.951,0.604,1,low,residential_low,False
23,23,0.591,0.045,True,3.198,0.629,1,low,residential_low,False
24,23,0.563,0.034,True,2.5,0.65,1,low,residential_low,False
25,23,0.544,0.024,True,2.062,0.658,1,low,residential_low,False
26,23,0.53,0.014,True,2.062,0.645,1,low,residential_low,False
27,23,0.519,0.011,True,2.5,0.61,1,low,residential_low,False
28,23,0.509,0.013,True,3.202,0.562,1,low,residential_low,False
29,23,0.496,0.013,True,4.031,0.507,1,low,residential_low,False
0,24,0.301,0.109,True,1.803,0.62,1,low,residential_low,False
1,24,0.41,0.111,True,1.265,0.659,1,low,residential_low,False
2,24,0.521,0.111,True,0.729,0.698,1,low,residential_low,False
3,24,0.632,0.111,True,0.192,0.737,1,low,residential_low,False
4,24,0.738,0.106,True,0.345,0.742,1,low,residential_low,False
5,24,0.836,0.098,True,0.882,0.728,1,low,residential_low,False
6,24,0.922,0.086,True,1.419,0.713,1,low,residential_low,False
7,24,0.994,0.072,True,1.956,0.697,1,low,residential_low,False
8,24,1.048,0.068,True,2.5,0.681,1,low,residential_low,False
9,24,1.085,0.079,True,3.182,0.656,1,low,residential_low,False
10,24,1.104,0.088,True,3.889,0.629,1,low,residential_low,False
11,24,1.104,0.096,True,4.596,0.601,1,low,residential_low,False
12,24,1.087,0.103,True,5.303,0.571,1,low,residential_low,False
13,24,1.055,0.107,True,6.01,0.539,2,medium,residential_medium,False
14,24,1.009,0.109,True,6.718,0.506,2,medium,residential_medium,False
15,24,0.954,0.109,True,7.425,0.471,1,low,residential_low,False
16,24,0.892,0.107,True,8.132,0.434,1,low,residential_low,False
17,24,0.828,0.102,True,8.372,0.419,1,low,residential_low,False
18,24,0.764,0.096,True,7.62,0.449,1,low,residential_low,False
19,24,0.704,0.088,True,6.867,0.479,1,low,residential_low,False
20,24,0.651,0.079,True,6.115,0.507,1,low,residential_low,False
21,24,0.606,0.068,True,5.362,0.533,1,low,residential_low,False
22,24,0.571,0.058,True,4.61,0.559,1,low,residential_low,False
23,24,0.546,0.048,True,3.905,0.582,1,low,residential_low,False
24,24,0.529,0.037,True,3.354,0.597,1,low,residential_low,False
25,24,0.52,0.027,True,3.041,0.6,1,low,residential_low,False
26,24,0.516,0.017,True,3.041,0.587,1,low,residential_low,False
27,24,0.514,0.008,True,3.354,0.559,1,low,residential_low,False
28,24,0.512,0.006,True,3.905,0.518,1,low,residential_low,False
29,24,0.506,0.01,True,4.61,0.47,0,none,forest,False
0,25,0.307,0.102,True,1.118,0.642,1,low,residential_low,False
1,25,0.409,0.104,True,0.422,0.689,1,low,residential_low,False
2,25,0.513,0.104,True,0.115,0.717,1,low,residential_low,False
3,25,0.615,0.102,True,0.652,0.703,1,low,residential_low,False
4,25,0.712,0.097,True,1.189,0.689,1,low,residential_low,False
5,25,0.799,0.087,True,1.726,0.674,1,low,residential_low,False
6,25,0.875,0.076,True,2.263,0.659,1,low,residential_low,False
7,25,0.936,0.061,True,2.799,0.643,1,low,residential_low,False
8,25,0.98,0.069,True,3.336,0.626,1,low,residential_low,False
9,25,1.007,0.078,True,3.905,0.606,1,low,residential_low,False
10,25,1.016,0.088,True,4.596,0.579,1,low,residential_low,False
11,25,1.008,0.096,True,5.303,0.55,1,low,residential_low,False
12,25,0.985,0.102,True,6.01,0.52,1,low,residential_low,False
13,25,0.948,0.107,True,6.718,0.488,1,low,residential_low,False
14,25,0.901,0.108,True,7.425,0.455,1,low,residential_low,False
15,25,0.846,0.108,True,8.132,0.42,1,low,residential_low,False
16,25,0.786,0.106,True,8.839,0.384,1,low,residential_low,False
17,25,0.726,0.102,True,9.031,0.371,1,low,residential_low,False
18,25,0.669,0.095,True,8.278,0.402,1,low,residential_low,False
19,25,0.617,0.087,True,7.526,0.431,1,low,residential_low,False
20,25,0.573,0.079,True,6.773,0.46,1,low,residential_low,False
21,25,0.538,0.069,True,6.021,0.488,1,low,residential_low,False
22,25,0.513,0.059,True,5.315,0.512,1,low,residential_low,False
23,25,0.498,0.048,True,4.717,0.53,1,low,residential_low,False
24,25,0.492,0.038,True,4.272,0.541,1,low,residential_low,False
25,25,0.493,0.029,True,4.031,0.54,1,low,residential_low,False
26,25,0.499,0.02,True,4.031,0.528,1,low,residential_low,False
27,25,0.506,0.012,True,4.272,0.504,1,low,residential_low,False
28,25,0.512,0.006,True,4.717,0.469,0,none,forest,False
29,25,0.513,0.007,True,5.315,0.427,0,none,forest,False
0,26,0.308,0.096,True,1.118,0.631,1,low,residential_low,False
1,26,0.404,0.097,True,0.5,0.674,1,low,residential_low,False
2,26,0.501,0.097,True,0.959,0.664,1,low,residential_low,False
3,26,0.595,0.094,True,1.496,0.65,1,low,residential_low,False
4,26,0.683,0.088,True,2.032,0.636,1,low,residential_low,False
5,26,0.761,0.078,True,2.569,0.62,1,low,residential_low,False
6,26,0.826,0.065,True,3.106,0.604,1,low,residential_low,False
7,26,0.877,0.06,True,3.643,0.587,1,low,residential_low,False
8,26,0.911,0.069,True,4.18,0.57,1,low,residential_low,False
9,26,0.929,0.078,True,4.717,0.551,1,low,residential_low,False
10,26,0.93,0.086,True,5.315,0.528,1,low,residential_low,False
11,26,0.915,0.093,True,6.01,0.499,1,low,residential_low,False
12,26,0.885,0.1,True,6.718,0.469,1,low,residential_low,False
13,26,0.845,0.103,True,7.425,0.437,1,low,residential_low,False
14,26,0.795,0.106,True,8.132,0.404,1,low,residential_low,False
15,26,0.74,0.106,True,8.839,0.369,1,low,residential_low,False
16,26,0.683,0.103,True,9.546,0.333,1,low,residential_low,False
17,26,0.626,0.1,True,9.689,0.322,1,low,residential_low,False
18,26,0.575,0.094,True,8.937,0.354,1,low,residential_low,False
19,26,0.53,0.087,True,8.184,0.384,1,low,residential_low,False
20,26,0.494,0.079,True,7.433,0.413,1,low,residential_low,False
21,26,0.469,0.069,True,6.727,0.439,1,low,residential_low,False
22,26,0.454,0.059,True,6.103,0.46,1,low,residential_low,False
23,26,0.45,0.051,True,5.59,0.475,1,low,residential_low,False
24,26,0.454,0.041,True,5.22,0.482,1,low,residential_low,False
25,26,0.464,0.032,True,5.025,0.48,1,low,residential_low,False
26,26,0.479,0.025,True,5.025,0.468,1,low,residential_low,False
27,26,0.494,0.017,True,5.22,0.447,1,low,residential_low,False
28,26,0.507,0.013,True,5.59,0.416,0,none,forest,False
29,26,0.514,0.007,True,6.103,0.378,0,none,forest,False
0,27,0.304,0.09,True,1.803,0.587,1,low,residential_low,False
1,27,0.394,0.09,True,1.5,0.614,1,low,residential_low,False
2,27,0.484,0.09,True,1.802,0.611,1,low,residential_low,False
3,27,0.571,0.087,True,2.339,0.597,1,low,residential_low,False
4,27,0.65,0.079,True,2.876,0.582,1,low,residential_low,False
5,27,0.72,0.07,True,3.413,0.566,1,low,residential_low,False
6,27,0.776,0.056,True,3.95,0.549,1,low,residential_low,False
7,27,0.817,0.06,True,4.487,0.532,1,low,residential_low,False
8,27,0.843,0.068,True,5.024,0.514,1,low,residential_low,False
9,27,0.852,0.077,True,5.56,0.495,1,low,residential_low,False
10,27,0.845,0.085,True,6.103,0.474,1,low,residential_low,False
11,27,0.823,0.092,True,6.727,0.448,1,low,residential_low,False
12,27,0.789,0.096,True,7.425,0.418,1,low,residential_low,False
13,27,0.744,0.101,True,8.132,0.386,1,low,residential_low,False
14,27,0.693,0.102,True,8.839,0.353,1,low,residential_low,False
15,27,0.638,0.102,True,9.546,0.318,1,low,residential_low,False
16,27,0.582,0.101,True,10.253,0.282,1,low,residential_low,False
17,27,0.53,0.096,True,10.348,0.274,1,low,residential_low,False
18,27,0.483,0.092,True,9.595,0.306,1,low,residential_low,False
19,27,0.445,0.085,True,8.846,0.336,1,low,residential_low,False
20,27,0.417,0.077,True,8.139,0.364,1,low,residential_low,False
21,27,0.401,0.068,True,7.5,0.387,1,low,residential_low,False
22,27,0.395,0.06,True,6.946,0.405,1,low,residential_low,False
23,27,0.399,0.051,True,6.5,0.417,1,low,residential_low,False
24,27,0.413,0.044,True,6.185,0.422,1,low,residential_low,False
25,27,0.432,0.036,True,6.021,0.419,1,low,residential_low,False
26,27,0.454,0.028,True,6.021,0.408,1,low,residential_low,False
27,27,0.477,0.023,True,6.185,0.388,1,low,residential_low,False
28,27,0.496,0.019,True,6.5,0.361,0,none,forest,False
29,27,0.51,0.014,True,6.946,0.327,0,none,forest,False
0,28,0.293,0.085,True,2.693,0.532,1,low,residential_low,False
1,28,0.378,0.085,True,2.5,0.554,1,low,residential_low,False
2,28,0.462,0.084,True,2.693,0.556,1,low,residential_low,False
3,28,0.542,0.08,True,3.183,0.543,1,low,residential_low,False
4,28,0.614,0.072,True,3.72,0.527,1,low,residential_low,False
5,28,0.676,0.062,True,4.257,0.511,1,low,residential_low,False
6,28,0.724,0.053,True,4.794,0.494,0,none,forest,False
7,28,0.757,0.06,True,5.33,0.476,0,none,forest,False
8,28,0.775,0.068,True,5.867,0.458,0,none,forest,False
9,28,0.776,0.076,True,6.404,0.438,0,none,forest,False
10,28,0.762,0.083,True,6.941,0.417,0,none,forest,False
11,28,0.734,0.089,True,7.5,0.395,0,none,forest,False
12,28,0.695,0.094,True,8.139,0.367,0,none,forest,False
13,28,0.648,0.096,True,8.839,0.335,0,none,forest,False
14,28,0.594,0.099,True,9.546,0.301,0,none,forest,False
15,28,0.539,0.099,True,10.253,0.267,0,none,forest,False
16,28,0.486,0.096,True,10.96,0.231,0,none,forest,False
17,28,0.436,0.094,True,11.006,0.226,0,none,forest,False
18,28,0.395,0.088,True,10.259,0.258,0,none,forest,False
19,28,0.363,0.082,True,9.552,0.286,0,none,forest,False
20,28,0.342,0.075,True,8.902,0.311,0,none,forest,False
21,28,0.333,0.068,True,8.322,0.332,0,none,forest,False
22,28,0.335,0.061,True,7.826,0.348,0,none,forest,False
23,28,0.348,0.054,True,7.433,0.358,0,none,forest,False
24,28,0.369,0.047,True,7.159,0.362,0,none,forest,False
25,28,0.396,0.04,True,7.018,0.358,0,none,forest,False
26,28,0.426,0.034,True,7.018,0.347,0,none,forest,False
27,28,0.455,0.029,True,7.159,0.329,0,none,forest,False
28,28,0.48,0.025,True,7.433,0.304,0,none,forest,False
29,28,0.499,0.019,True,7.826,0.273,0,none,forest,False
0,29,0.275,0.08,True,3.64,0.475,0,none,forest,False
1,29,0.355,0.08,True,3.5,0.493,0,none,forest,False
2,29,0.435,0.08,True,3.64,0.497,0,none,forest,False
3,29,0.509,0.074,True,4.031,0.488,0,none,forest,False
4,29,0.575,0.066,True,4.563,0.473,0,none,forest,False
5,29,0.63,0.055,True,5.1,0.456,0,none,forest,False
6,29,0.671,0.053,True,5.637,0.438,0,none,forest,False
7,29,0.697,0.06,True,6.174,0.42,0,none,forest,False
8,29,0.707,0.068,True,6.711,0.401,0,none,forest,False
9,29,0.702,0.074,True,7.248,0.381,0,none,forest,False
10,29,0.682,0.08,True,7.785,0.36,0,none,forest,False
11,29,0.649,0.085,True,8.322,0.338,0,none,forest,False
12,29,0.606,0.089,True,8.902,0.313,0,none,forest,False
13,29,0.555,0.093,True,9.552,0.283,0,none,forest,False
14,29,0.5,0.094,True,10.253,0.25,0,none,forest,False
15,29,0.445,0.094,True,10.96,0.216,0,none,forest,False
16,29,0.393,0.093,True,11.667,0.18,0,none,forest,False
17,29,0.347,0.089,True,11.673,0.177,0,none,forest,False
18,29,0.309,0.086,True,10.966,0.207,0,none,forest,False
19,29,0.282,0.081,True,10.308,0.234,0,none,forest,False
20,29,0.267,0.075,True,9.708,0.257,0,none,forest,False
21,29,0.265,0.068,True,9.179,0.276,0,none,forest,False
22,29,0.274,0.061,True,8.732,0.289,0,none,forest,False
23,29,0.294,0.054,True,8.382,0.298,0,none,forest,False
24,29,0.322,0.047,True,8.139,0.3,0,none,forest,False
25,29,0.356,0.04,True,8.016,0.297,0,none,forest,False
26,29,0.392,0.036,True,8.016,0.286,0,none,forest,False
27,29,0.427,0.035,True,8.139,0.269,0,none,forest,False
28,29,0.458,0.031,True,8.382,0.246,0,none,forest,False
29,29,0.481,0.023,True,8.732,0.23,0,none,forest,False
