x,y,z,scale,macro_x,macro_y,micro_x,micro_y,parcel_id
-6.0784,-5.9605,0.291,0.0809,0,0,0,0,51
-5.6209,-5.9565,0.318,0.1461,0,0,1,0,51
-5.1499,-5.9452,0.347,0.091,0,0,2,0,51
-4.6625,-5.9251,0.377,0.1498,0,0,3,0,51
-4.1596,-5.8966,0.41,0.0962,1,0,0,0,51
-3.6455,-5.862,0.445,0.0876,1,0,1,0,51
-3.1261,-5.8246,0.48,0.1136,1,0,2,0,51
-2.6085,-5.7882,0.516,0.1145,1,0,3,0,51
-1.1247,-5.7161,0.619,0.1107,2,0,2,0,29
-0.6612,-5.7088,0.65,0.1237,2,0,3,0,29
-0.2078,-5.7068,0.679,0.1481,3,0,0,0,29
0.2432,-5.7039,0.708,0.1408,3,0,1,0,29
0.6964,-5.6926,0.736,0.1413,3,0,2,0,29
1.1533,-5.6682,0.764,0.1156,3,0,3,0,29
1.6141,-5.6301,0.792,0.0993,4,0,0,0,29
3.0106,-5.4657,0.874,0.1354,4,0,3,0,31
3.4758,-5.4119,0.897,0.14,5,0,0,0,31
3.9384,-5.3676,0.917,0.1166,5,0,1,0,31
4.3973,-5.3362,0.933,0.0801,5,0,2,0,31
4.8522,-5.3187,0.945,0.0834,5,0,3,0,31
6.1997,-5.3179,0.958,0.0829,6,0,2,0,55
6.6387,-5.3336,0.955,0.1287,6,0,3,0,55
7.069,-5.3616,0.947,0.1463,7,0,0,0,55
7.4911,-5.4013,0.936,0.0813,7,0,1,0,55
7.9073,-5.4493,0.921,0.0936,7,0,2,0,55
9.1539,-5.5963,0.865,0.0899,8,0,1,0,54
9.5799,-5.6304,0.844,0.111,8,0,2,0,54
10.0145,-5.6523,0.821,0.1339,8,0,3,0,54
10.4574,-5.6624,0.798,0.1387,9,0,0,0,54
10.9055,-5.6649,0.773,0.1003,9,0,1,0,54
12.2203,-5.6742,0.691,0.1373,10,0,0,0,53
12.6356,-5.6833,0.662,0.1167,10,0,1,0,53
13.0404,-5.6951,0.634,0.0821,10,0,2,0,53
13.4388,-5.7085,0.605,0.1293,10,0,3,0,53
13.8359,-5.7223,0.576,0.1082,11,0,0,0,53
15.068,-5.7531,0.485,0.1117,11,0,3,0,56
15.502,-5.7573,0.454,0.1129,12,0,0,0,56
15.9463,-5.7588,0.423,0.0787,12,0,1,0,56
16.3957,-5.7595,0.391,0.0836,12,0,2,0,56
16.8474,-5.763,0.36,0.1104,12,0,3,0,56
18.222,-5.8152,0.269,0.1012,13,0,2,0,84
18.6862,-5.8453,0.24,0.1389,13,0,3,0,84
19.1516,-5.8778,0.213,0.0979,14,0,0,0,84
19.6166,-5.9095,0.186,0.1494,14,0,1,0,84
20.0797,-5.9373,0.162,0.0903,14,0,2,0,84
20.5398,-5.9586,0.139,0.1344,14,0,3,0,84
-6.0653,-5.516,0.302,0.1477,0,0,0,1,51
-5.608,-5.512,0.33,0.0894,0,0,1,1,51
-5.1376,-5.5008,0.36,0.0894,0,0,2,1,51
-4.6512,-5.4807,0.392,0.1033,0,0,3,1,51
-4.1498,-5.4523,0.427,0.097,1,0,0,1,51
-3.6373,-5.418,0.463,0.1237,1,0,1,1,51
-3.1199,-5.3808,0.5,0.0971,1,0,2,1,51
-2.6041,-5.3445,0.538,0.1435,1,0,3,1,51
-1.124,-5.2728,0.647,0.0921,2,0,2,1,29
-0.6608,-5.2655,0.68,0.1427,2,0,3,1,29
-0.2075,-5.2636,0.711,0.1028,3,0,0,1,29
0.2435,-5.2607,0.741,0.1355,3,0,1,1,29
0.6968,-5.2495,0.771,0.1379,3,0,2,1,29
1.154,-5.2254,0.801,0.0917,3,0,3,1,29
1.6152,-5.1876,0.832,0.1358,4,0,0,1,29
3.0137,-5.0251,0.919,0.1483,4,0,3,1,31
3.4795,-4.9719,0.944,0.1273,5,0,0,1,31
3.9426,-4.9281,0.965,0.1222,5,0,1,1,31
4.4019,-4.8971,0.983,0.1369,5,0,2,1,31
4.857,-4.8797,0.996,0.1053,5,0,3,1,31
6.2046,-4.8787,1.01,0.0943,6,0,2,1,55
6.6434,-4.8935,1.006,0.0794,6,0,3,1,55
7.0734,-4.92,0.999,0.1311,7,0,0,1,55
7.4952,-4.9575,0.987,0.122,7,0,1,1,55
7.911,-5.003,0.972,0.0962,7,0,2,1,55
9.1563,-5.1421,0.914,0.0826,8,0,1,1,54
9.582,-5.1743,0.891,0.1266,8,0,2,1,54
10.0165,-5.1949,0.868,0.1052,8,0,3,1,54
10.4593,-5.2045,0.843,0.0943,9,0,0,1,54
10.9074,-5.2069,0.816,0.1164,9,0,1,1,54
12.2218,-5.2175,0.729,0.1467,10,0,0,1,53
12.6366,-5.2279,0.698,0.1018,10,0,1,1,53
13.0409,-5.2413,0.668,0.1106,10,0,2,1,53
13.4386,-5.2567,0.637,0.0988,10,0,3,1,53
13.835,-5.2725,0.606,0.1286,11,0,0,1,53
15.0656,-5.3077,0.51,0.0795,11,0,3,1,56
15.4994,-5.3124,0.477,0.0912,12,0,0,1,56
15.9436,-5.3141,0.444,0.1347,12,0,1,1,56
16.3931,-5.3149,0.411,0.1064,12,0,2,1,56
16.8448,-5.3184,0.378,0.1283,12,0,3,1,56
18.2206,-5.3705,0.282,0.0991,13,0,2,1,84
18.6854,-5.4005,0.252,0.1081,13,0,3,1,84
19.1515,-5.433,0.223,0.107,14,0,0,1,84
19.6171,-5.4647,0.196,0.1232,14,0,1,1,84
20.0808,-5.4924,0.17,0.1222,14,0,2,1,84
20.5414,-5.5137,0.146,0.1323,14,0,3,1,84
-6.0288,-5.0814,0.314,0.15,0,0,0,2,51
-5.5721,-5.0774,0.344,0.14,0,0,1,2,51
-5.1033,-5.0664,0.375,0.0997,0,0,2,2,51
-4.6197,-5.0465,0.409,0.0773,0,0,3,2,51
-4.1223,-5.0185,0.444,0.1487,1,0,0,2,51
-3.6148,-4.9846,0.482,0.1188,1,0,1,2,51
-3.1026,-4.948,0.521,0.1417,1,0,2,2,51
-2.592,-4.9122,0.561,0.1295,1,0,3,2,51
-1.122,-4.8414,0.676,0.1386,2,0,2,2,29
-0.6599,-4.8342,0.71,0.0914,2,0,3,2,29
-0.2068,-4.8323,0.744,0.1107,3,0,0,2,29
0.2442,-4.8296,0.776,0.0975,3,0,1,2,29
0.698,-4.8187,0.808,0.1203,3,0,2,2,29
1.156,-4.7954,0.84,0.0788,3,0,3,2,29
1.6184,-4.7588,0.872,0.0808,4,0,0,2,29
3.4898,-4.5498,0.991,0.086,5,0,0,2,31
3.9544,-4.5074,1.014,0.0791,5,0,1,2,31
4.4147,-4.4774,1.033,0.1011,5,0,2,2,31
4.8704,-4.4606,1.046,0.0933,5,0,3,2,31
6.218,-4.4588,1.062,0.0842,6,0,2,2,55
6.6565,-4.4713,1.059,0.0872,6,0,3,2,55
7.0858,-4.4935,1.051,0.0925,7,0,0,2,55
7.5067,-4.5251,1.04,0.1155,7,0,1,2,55
7.9214,-4.5633,1.025,0.1193,7,0,2,2,55
9.1633,-4.6801,0.966,0.0994,8,0,1,2,54
9.5882,-4.7072,0.942,0.1086,8,0,2,2,54
10.0221,-4.7245,0.918,0.1456,8,0,3,2,54
10.4647,-4.7325,0.891,0.0855,9,0,0,2,54
10.9127,-4.7346,0.863,0.1281,9,0,1,2,54
12.2258,-4.7488,0.769,0.1083,10,0,0,2,53
12.6394,-4.7628,0.737,0.1147,10,0,1,2,53
13.0421,-4.7809,0.704,0.0902,10,0,2,2,53
13.438,-4.8017,0.671,0.1349,10,0,3,2,53
13.8325,-4.823,0.638,0.1141,11,0,0,2,53
15.059,-4.8704,0.536,0.1049,11,0,3,2,56
15.4922,-4.8767,0.501,0.1395,12,0,0,2,56
15.9362,-4.879,0.466,0.0917,12,0,1,2,56
16.3857,-4.8799,0.431,0.1307,12,0,2,2,56
16.8376,-4.8834,0.397,0.0958,12,0,3,2,56
18.2165,-4.9353,0.296,0.1097,13,0,2,2,84
18.6831,-4.9652,0.264,0.0965,13,0,3,2,84
19.1511,-4.9976,0.234,0.1328,14,0,0,2,84
19.6187,-5.0291,0.205,0.1092,14,0,1,2,84
20.084,-5.0567,0.178,0.1102,14,0,2,2,84
20.5459,-5.078,0.152,0.0938,14,0,3,2,84
-5.9635,-4.6589,0.329,0.1431,0,0,0,3,51
-5.5078,-4.655,0.359,0.1373,0,0,1,3,51
-5.0419,-4.6442,0.392,0.103,0,0,2,3,51
-4.5634,-4.6249,0.427,0.0848,0,0,3,3,51
-4.0732,-4.5976,0.464,0.1473,1,0,0,3,51
-3.5743,-4.5645,0.503,0.0962,1,0,1,3,51
-3.0716,-4.5287,0.544,0.0894,1,0,2,3,51
-2.5702,-4.4938,0.585,0.1113,1,0,3,3,51
-1.1184,-4.4247,0.704,0.1025,2,0,2,3,29
-0.6582,-4.4178,0.741,0.1244,2,0,3,3,29
-0.2055,-4.4159,0.776,0.1069,3,0,0,3,29
0.2456,-4.4133,0.81,0.1434,3,0,1,3,29
0.7,-4.4031,0.844,0.1394,3,0,2,3,29
1.1594,-4.3811,0.879,0.1143,3,0,3,3,29
1.6242,-4.3467,0.913,0.1222,4,0,0,3,29
3.5083,-4.1499,1.039,0.1216,5,0,0,3,31
3.9754,-4.1098,1.063,0.1224,5,0,1,3,31
4.4376,-4.0816,1.082,0.0943,5,0,2,3,31
4.8943,-4.0657,1.096,0.0895,5,0,3,3,31
6.2421,-4.0626,1.113,0.1306,6,0,2,3,55
6.6799,-4.0709,1.11,0.1461,6,0,3,3,55
7.1081,-4.0856,1.103,0.0983,7,0,0,3,55
7.5273,-4.1064,1.093,0.1347,7,0,1,3,55
7.9399,-4.1316,1.079,0.1027,7,0,2,3,55
9.1756,-4.2086,1.021,0.1202,8,0,1,3,54
9.5991,-4.2265,0.998,0.1366,8,0,2,3,54
10.0322,-4.2379,0.972,0.1113,8,0,3,3,54
10.4743,-4.2432,0.944,0.1489,9,0,0,3,54
10.9222,-4.2446,0.914,0.1375,9,0,1,3,54
12.2332,-4.2653,0.813,0.0752,10,0,0,3,53
12.6445,-4.2858,0.778,0.1381,10,0,1,3,53
13.0443,-4.3123,0.743,0.1234,10,0,2,3,53
13.437,-4.3426,0.707,0.1091,10,0,3,3,53
13.8281,-4.3737,0.672,0.1469,11,0,0,3,53
15.0471,-4.443,0.563,0.0903,11,0,3,3,56
15.4794,-4.4524,0.526,0.1155,12,0,0,3,56
15.923,-4.4558,0.489,0.1325,12,0,1,3,56
16.3724,-4.4567,0.452,0.1141,12,0,2,3,56
16.8247,-4.4602,0.416,0.0873,12,0,3,3,56
18.2092,-4.5118,0.309,0.1347,13,0,2,3,84
18.6791,-4.5415,0.276,0.0846,13,0,3,3,84
19.1505,-4.5736,0.244,0.1247,14,0,0,3,84
19.6214,-4.605,0.213,0.1343,14,0,1,3,84
20.0898,-4.6324,0.185,0.1161,14,0,2,3,84
20.5539,-4.6535,0.159,0.1174,14,0,3,3,84
-5.8712,-4.2477,0.345,0.0771,0,1,0,0,51
-5.4169,-4.244,0.377,0.1032,0,1,1,0,51
-4.9551,-4.2336,0.411,0.131,0,1,2,0,51
-4.4838,-4.2149,0.447,0.0754,0,1,3,0,51
-4.0038,-4.1886,0.486,0.1452,1,1,0,0,51
-3.5173,-4.1567,0.526,0.0923,1,1,1,0,51
-3.0279,-4.1221,0.567,0.1017,1,1,2,0,51
-2.5395,-4.0885,0.61,0.0754,1,1,3,0,51
-1.1134,-4.0219,0.733,0.0938,2,1,2,0,29
-0.6557,-4.0152,0.772,0.1237,2,1,3,0,29
-0.2038,-4.0133,0.809,0.1239,3,1,0,0,29
0.2476,-4.0109,0.845,0.1226,3,1,1,0,29
0.7029,-4.0016,0.881,0.0804,3,1,2,0,29
1.1643,-3.9816,0.918,0.1069,3,1,3,0,29
1.6322,-3.9501,0.954,0.1137,4,1,0,0,29
3.0592,-3.8148,1.057,0.1196,4,1,3,0,31
3.5344,-3.7705,1.086,0.1199,5,1,0,0,31
4.0052,-3.734,1.111,0.0758,5,1,1,0,31
4.4699,-3.7081,1.131,0.0761,5,1,2,0,31
4.9288,-3.6907,1.146,0.0883,5,1,3,0,31
6.278,-3.6707,1.165,0.1325,6,1,2,0,55
6.7144,-3.6702,1.164,0.1321,6,1,3,0,55
7.1402,-3.6726,1.158,0.1408,7,1,0,0,55
7.5562,-3.6777,1.149,0.1089,7,1,1,0,55
7.9651,-3.685,1.137,0.1012,7,1,2,0,55
9.1908,-3.7134,1.082,0.0923,8,1,1,0,54
9.6126,-3.7229,1.058,0.0778,8,1,2,0,54
10.0454,-3.732,1.03,0.1156,8,1,3,0,54
10.4877,-3.7372,1.0,0.0939,9,1,0,0,54
10.9356,-3.7381,0.968,0.1389,9,1,1,0,54
12.2434,-3.768,0.86,0.0806,10,1,0,0,53
12.6517,-3.7976,0.822,0.0912,10,1,1,0,53
13.0474,-3.836,0.784,0.1006,10,1,2,0,53
13.4355,-3.8798,0.745,0.1214,10,1,3,0,53
13.8219,-3.9248,0.707,0.1148,11,1,0,0,53
15.0304,-4.025,0.591,0.0767,11,1,3,0,56
15.4611,-4.0386,0.552,0.0814,12,1,0,0,56
15.9043,-4.0435,0.513,0.1314,12,1,1,0,56
16.3537,-4.0447,0.474,0.1413,12,1,2,0,56
16.8066,-4.0481,0.435,0.0999,12,1,3,0,56
18.1989,-4.0992,0.323,0.0839,13,1,2,0,84
18.6733,-4.1286,0.288,0.1127,13,1,3,0,84
19.1496,-4.1605,0.254,0.0781,14,1,0,0,84
19.6253,-4.1915,0.222,0.095,14,1,1,0,84
20.0978,-4.2187,0.192,0.1409,14,1,2,0,84
20.5651,-4.2395,0.165,0.1412,14,1,3,0,84
-5.7593,-3.8448,0.363,0.111,0,1,0,1,51
-5.3068,-3.8413,0.397,0.123,0,1,1,1,51
-4.8498,-3.8313,0.433,0.0802,0,1,2,1,51
-4.3872,-3.8135,0.47,0.0819,0,1,3,1,51
-3.9195,-3.7883,0.509,0.1452,1,1,0,1,51
-3.4481,-3.7578,0.55,0.1425,1,1,1,1,51
-2.9748,-3.7248,0.592,0.1362,1,1,2,1,51
-2.5022,-3.6927,0.635,0.1445,1,1,3,1,51
-1.1074,-3.629,0.763,0.1428,2,1,2,1,29
-0.6529,-3.6226,0.803,0.1284,2,1,3,1,29
-0.2016,-3.6209,0.842,0.0905,3,1,0,1,29
0.25,-3.6187,0.881,0.1352,3,1,1,1,29
0.7065,-3.6105,0.919,0.1257,3,1,2,1,29
1.1703,-3.5927,0.957,0.1112,3,1,3,1,29
1.642,-3.5649,0.995,0.1256,4,1,0,1,29
3.0855,-3.4453,1.103,0.0992,4,1,3,1,31
3.5663,-3.4056,1.133,0.1001,5,1,0,1,31
4.0433,-3.3671,1.159,0.0814,5,1,1,1,31
4.5137,-3.3341,1.182,0.1352,5,1,2,1,31
4.9756,-3.3101,1.198,0.1376,5,1,3,1,31
6.3237,-3.2722,1.22,0.0985,6,1,2,1,55
6.7575,-3.2614,1.22,0.0875,6,1,3,1,55
7.1796,-3.2484,1.216,0.1408,7,1,0,1,55
7.591,-3.2335,1.209,0.114,7,1,1,1,55
7.9945,-3.2176,1.199,0.1439,7,1,2,1,55
9.2046,-3.1812,1.15,0.1041,8,1,1,1,54
9.6229,-3.1788,1.126,0.0966,8,1,2,1,54
10.0537,-3.1831,1.097,0.1073,8,1,3,1,54
10.4958,-3.1906,1.065,0.1378,9,1,0,1,54
10.9451,-3.1989,1.029,0.1357,9,1,1,1,54
12.2558,-3.2606,0.91,0.1281,10,1,0,1,53
12.6603,-3.3012,0.868,0.1119,10,1,1,1,53
13.0512,-3.354,0.826,0.1171,10,1,2,1,53
13.4337,-3.4143,0.785,0.0983,10,1,3,1,53
13.8144,-3.4761,0.743,0.077,11,1,0,1,53
15.01,-3.6139,0.619,0.111,11,1,3,1,56
15.4391,-3.6326,0.578,0.1049,12,1,0,1,56
15.8816,-3.6392,0.537,0.0839,12,1,1,1,56
16.331,-3.6407,0.496,0.0982,12,1,2,1,56
16.7845,-3.6441,0.456,0.1242,12,1,3,1,56
18.1863,-3.6945,0.337,0.148,13,1,2,1,84
18.6662,-3.7236,0.3,0.1117,13,1,3,1,84
19.1486,-3.7551,0.264,0.0954,14,1,0,1,84
19.6301,-3.7858,0.23,0.1297,14,1,1,1,84
20.1076,-3.8126,0.199,0.1276,14,1,2,1,84
20.5788,-3.8333,0.17,0.0752,14,1,3,1,84
-5.6384,-3.4457,0.383,0.14,0,1,0,2,51
-5.1878,-3.4423,0.418,0.0896,0,1,1,2,51
-4.736,-3.4329,0.455,0.1436,0,1,2,2,51
-4.2829,-3.4159,0.494,0.0808,0,1,3,2,51
-3.8285,-3.3921,0.534,0.1421,1,1,0,2,51
-3.3732,-3.3631,0.576,0.1298,1,1,1,2,51
-2.9175,-3.3317,0.618,0.1407,1,1,2,2,51
-2.4619,-3.3012,0.662,0.1427,1,1,3,2,51
-1.1008,-3.2408,0.793,0.1156,2,1,2,2,29
-0.6497,-3.2347,0.835,0.1417,2,1,3,2,29
-0.1993,-3.2331,0.876,0.1231,3,1,0,2,29
0.2526,-3.2312,0.916,0.099,3,1,1,2,29
0.7103,-3.2241,0.957,0.1003,3,1,2,2,29
1.1768,-3.2089,0.997,0.0913,3,1,3,2,29
1.6526,-3.1851,1.037,0.127,4,1,0,2,29
3.6067,-3.0312,1.183,0.1358,5,1,0,2,31
4.0917,-2.9857,1.212,0.1428,5,1,1,2,31
4.567,-2.946,1.236,0.0937,5,1,2,2,31
5.0303,-2.9187,1.254,0.1008,5,1,3,2,31
6.373,-2.8781,1.277,0.1465,6,1,2,2,55
6.8037,-2.8588,1.277,0.1373,6,1,3,2,55
7.2218,-2.8305,1.275,0.1151,7,1,0,2,55
7.6281,-2.7937,1.27,0.0942,7,1,1,2,55
8.0259,-2.7513,1.264,0.0795,7,1,2,2,55
9.2171,-2.6336,1.223,0.0814,8,1,1,2,54
9.63,-2.6123,1.2,0.0842,8,1,2,2,54
10.0564,-2.6046,1.171,0.0822,8,1,3,2,54
10.496,-2.61,1.137,0.0808,9,1,0,2,54
10.9453,-2.625,1.097,0.1263,9,1,1,2,54
12.2616,-2.7324,0.964,0.1183,10,1,0,2,53
12.6673,-2.7964,0.917,0.1047,10,1,1,2,53
13.0553,-2.8695,0.871,0.1261,10,1,2,2,53
13.4317,-2.9475,0.826,0.0983,10,1,3,2,53
13.8062,-3.0275,0.781,0.1178,11,1,0,2,53
14.988,-3.2059,0.649,0.1274,11,1,3,2,56
15.4152,-3.2301,0.605,0.1105,12,1,0,2,56
15.8571,-3.2387,0.562,0.1257,12,1,1,2,56
16.3065,-3.2404,0.519,0.1285,12,1,2,2,56
16.7607,-3.2438,0.477,0.1268,12,1,3,2,56
18.1728,-3.2936,0.352,0.1029,13,1,2,2,84
18.6586,-3.3223,0.312,0.1458,13,1,3,2,84
19.1473,-3.3534,0.274,0.1269,14,1,0,2,84
19.6351,-3.3836,0.238,0.1252,14,1,1,2,84
20.1182,-3.4101,0.205,0.1447,14,1,2,2,84
20.5936,-3.4305,0.175,0.0855,14,1,3,2,84
-5.5205,-3.0453,0.403,0.0856,0,1,0,3,51
-5.0717,-3.0421,0.441,0.1183,0,1,1,3,51
-4.6251,-3.0332,0.479,0.1473,0,1,2,3,51
-4.1812,-3.0171,0.519,0.0782,0,1,3,3,51
-3.7398,-2.9944,0.56,0.1234,1,1,0,3,51
-3.3003,-2.967,0.602,0.1279,1,1,1,3,51
-2.8616,-2.9373,0.645,0.1185,1,1,2,3,51
-2.4226,-2.9083,0.689,0.0964,1,1,3,3,51
-1.0944,-2.851,0.823,0.1024,2,1,2,3,29
-0.6466,-2.8452,0.867,0.113,2,1,3,3,29
-0.197,-2.8437,0.911,0.1116,3,1,0,3,29
0.2551,-2.8421,0.953,0.1052,3,1,1,3,29
0.714,-2.8362,0.996,0.1129,3,1,2,3,29
1.1831,-2.8234,1.038,0.1386,3,1,3,3,29
1.663,-2.8034,1.081,0.0783,4,1,0,3,29
9.2288,-2.093,1.297,0.1121,8,1,1,3,54
9.6364,-2.0537,1.275,0.1472,8,1,2,3,54
10.0584,-2.0346,1.246,0.1075,8,1,3,3,54
10.4947,-2.0346,1.21,0.103,9,1,0,3,54
10.9413,-2.0483,1.168,0.0968,9,1,1,3,54
12.2538,-2.1802,1.023,0.113,10,1,0,3,53
12.6616,-2.2699,0.97,0.0911,10,1,1,3,53
13.0523,-2.3736,0.918,0.0891,10,1,2,3,53
13.4285,-2.4791,0.868,0.1127,10,1,3,3,53
13.7982,-2.5789,0.82,0.1092,11,1,0,3,53
9.2376,-1.5634,1.372,0.1321,8,2,1,0,54
9.6404,-1.5089,1.35,0.1027,8,2,2,0,54
10.0583,-1.4799,1.32,0.1065,8,2,3,0,54
10.4915,-1.4754,1.283,0.091,9,2,0,0,54
10.9356,-1.4879,1.239,0.1152,9,2,1,0,54
12.2389,-1.6296,1.084,0.1249,10,2,0,0,53
12.6435,-1.7321,1.028,0.1093,10,2,1,0,53
13.0349,-1.8594,0.97,0.1196,10,2,2,0,53
13.4152,-1.9963,0.914,0.1462,10,2,3,0,53
13.788,-2.1251,0.86,0.1183,11,2,0,0,53
3.2347,-1.8383,1.32,0.1387,4,2,3,1,28
3.7399,-1.7935,1.358,0.0978,5,2,0,1,28
4.2326,-1.7554,1.39,0.1464,5,2,1,1,28
4.7099,-1.7254,1.416,0.1179,5,2,2,1,28
5.1717,-1.7038,1.435,0.1072,5,2,3,1,28
6.4968,-1.6587,1.458,0.1024,6,2,2,1,45
6.9186,-1.619,1.46,0.0976,6,2,3,1,45
7.3255,-1.5538,1.462,0.1473,7,2,0,1,45
7.7183,-1.4648,1.464,0.1488,7,2,1,1,45
8.1007,-1.359,1.465,0.1243,7,2,2,1,45
9.242,-1.048,1.445,0.092,8,2,1,1,54
9.6406,-0.982,1.423,0.1496,8,2,2,1,54
10.0549,-0.9458,1.393,0.1117,8,2,3,1,54
10.4852,-0.938,1.354,0.1118,9,2,0,1,54
10.927,-0.9496,1.307,0.0768,9,2,1,1,54
12.2223,-1.0983,1.144,0.1152,10,2,0,1,53
12.623,-1.2079,1.085,0.104,10,2,1,1,53
13.0099,-1.3447,1.024,0.1482,10,2,2,1,53
13.3894,-1.4988,0.963,0.0821,10,2,3,1,53
13.7673,-1.6541,0.904,0.085,11,2,0,1,53
14.9334,-1.9603,0.742,0.1302,11,2,3,1,57
15.3559,-1.998,0.691,0.1215,12,2,0,1,57
15.7961,-2.0116,0.641,0.0958,12,2,1,1,57
16.2455,-2.014,0.591,0.1119,12,2,2,1,57
16.7014,-2.0172,0.542,0.1316,12,2,3,1,57
18.1392,-2.0655,0.396,0.081,13,2,2,1,59
18.6398,-2.0933,0.349,0.1463,13,2,3,1,59
19.1445,-2.1233,0.305,0.0852,14,2,0,1,59
19.6478,-2.1526,0.263,0.0876,14,2,1,1,59
20.1445,-2.1783,0.225,0.0806,14,2,2,1,59
20.6304,-2.198,0.19,0.0924,14,2,3,1,59
-5.2871,-1.7935,0.461,0.0929,0,2,0,2,52
-4.842,-1.7907,0.504,0.0941,0,2,1,2,52
-4.4056,-1.7827,0.547,0.0779,0,2,2,2,52
-3.9799,-1.7683,0.592,0.1208,0,2,3,2,52
-3.5642,-1.7481,0.636,0.1229,1,2,0,2,52
-3.1559,-1.7236,0.682,0.1166,1,2,1,2,52
-2.7509,-1.6971,0.728,0.1266,1,2,2,2,52
-1.5128,-1.6312,0.873,0.1178,2,2,1,2,50
-1.0817,-1.6201,0.923,0.0804,2,2,2,2,50
-0.6405,-1.615,0.974,0.136,2,2,3,2,50
-0.1926,-1.6136,1.024,0.1284,3,2,0,2,50
0.2604,-1.6123,1.074,0.0876,3,2,1,2,50
1.7222,-1.5277,1.234,0.1359,4,2,0,2,21
3.2666,-1.3874,1.383,0.1001,4,2,3,2,28
3.7721,-1.3454,1.423,0.1104,5,2,0,2,28
4.2646,-1.3097,1.456,0.1027,5,2,1,2,28
4.7412,-1.2814,1.482,0.1023,5,2,2,2,28
5.2015,-1.2608,1.502,0.109,5,2,3,2,28
6.5201,-1.215,1.526,0.1143,6,2,2,2,45
6.9394,-1.1722,1.528,0.0926,6,2,3,2,45
7.3432,-1.1013,1.531,0.1409,7,2,0,2,45
7.7326,-1.0043,1.534,0.1191,7,2,1,2,45
8.1113,-0.8887,1.535,0.0944,7,2,2,2,45
9.2413,-0.5481,1.516,0.1454,8,2,1,2,54
9.6364,-0.4753,1.494,0.0865,8,2,2,2,54
10.0478,-0.4346,1.463,0.0766,8,2,3,2,54
10.4755,-0.4247,1.422,0.1206,9,2,0,2,54
10.915,-0.4357,1.373,0.1185,9,2,1,2,54
12.2034,-0.5882,1.203,0.1054,10,2,0,2,53
12.6011,-0.7019,1.14,0.1488,10,2,1,2,53
12.9848,-0.8441,1.077,0.089,10,2,2,2,53
13.3608,-1.0044,1.013,0.1435,10,2,3,2,53
13.7377,-1.1697,0.95,0.1174,11,2,0,2,53
14.9241,-1.5279,0.774,0.1175,11,2,3,2,57
15.3459,-1.568,0.721,0.0979,12,2,0,2,57
15.7858,-1.5823,0.668,0.1216,12,2,1,2,57
16.2353,-1.5848,0.616,0.1395,12,2,2,2,57
16.6914,-1.5881,0.564,0.1332,12,2,3,2,57
18.1335,-1.636,0.411,0.1468,13,2,2,2,59
18.6366,-1.6637,0.362,0.0817,13,2,3,2,59
19.144,-1.6936,0.315,0.1084,14,2,0,2,59
19.6499,-1.7227,0.272,0.1245,14,2,1,2,59
20.1489,-1.7482,0.232,0.125,14,2,2,2,59
20.6366,-1.7678,0.195,0.1315,14,2,3,2,59
-5.2635,-1.3534,0.476,0.1107,0,2,0,3,52
-4.8188,-1.3506,0.521,0.1261,0,2,1,3,52
-4.3834,-1.3427,0.567,0.1477,0,2,2,3,52
-3.9596,-1.3286,0.613,0.1339,0,2,3,3,52
-3.5465,-1.3087,0.66,0.1429,1,2,0,3,52
-3.1413,-1.2844,0.707,0.0865,1,2,1,3,52
-2.7397,-1.2583,0.755,0.0886,1,2,2,3,52
-1.5101,-1.1931,0.906,0.1373,2,2,1,3,50
-1.0804,-1.1822,0.959,0.1403,2,2,2,3,50
-0.6398,-1.1771,1.012,0.1317,2,2,3,3,50
-0.1907,-1.1742,1.066,0.1021,3,2,0,3,50
0.2701,-1.1636,1.12,0.144,3,2,1,3,50
1.7505,-1.0553,1.294,0.1042,4,2,0,3,21
3.2928,-0.9199,1.449,0.0794,4,2,3,3,28
3.7974,-0.8795,1.49,0.0998,5,2,0,3,28
4.2886,-0.845,1.525,0.1458,5,2,1,3,28
4.7636,-0.8176,1.552,0.1183,5,2,2,3,28
5.2221,-0.7975,1.572,0.0971,5,2,3,3,28
6.5339,-0.7516,1.597,0.1272,6,2,2,3,45
6.9506,-0.7076,1.599,0.107,6,2,3,3,45
7.3519,-0.6345,1.602,0.0937,7,2,0,3,45
7.7385,-0.5343,1.605,0.1001,7,2,1,3,45
8.1143,-0.4149,1.606,0.1135,7,2,2,3,45
9.2357,-0.0629,1.585,0.1306,8,2,1,3,54
9.6281,0.0126,1.562,0.1449,8,2,2,3,54
10.037,0.055,1.529,0.0866,8,2,3,3,54
10.4625,0.0658,1.486,0.14,9,2,0,3,54
10.9,0.0551,1.436,0.131,9,2,1,3,54
12.1825,-0.0981,1.258,0.1377,10,2,0,3,53
12.5781,-0.2129,1.194,0.1076,10,2,1,3,53
12.9596,-0.3567,1.128,0.1304,10,2,2,3,53
13.3333,-0.5189,1.062,0.1414,10,2,3,3,53
13.708,-0.6861,0.997,0.102,11,2,0,3,53
14.9127,-1.0778,0.808,0.1255,11,2,3,3,57
15.3412,-1.1272,0.751,0.1231,12,2,0,3,57
15.781,-1.142,0.696,0.1199,12,2,1,3,57
16.2305,-1.1445,0.641,0.136,12,2,2,3,57
16.6868,-1.1478,0.587,0.1267,12,2,3,3,57
18.1309,-1.1956,0.426,0.1016,13,2,2,3,59
18.6351,-1.2232,0.374,0.0764,13,2,3,3,59
19.1438,-1.253,0.326,0.1085,14,2,0,3,59
19.6509,-1.282,0.28,0.1202,14,2,1,3,59
20.1509,-1.3075,0.238,0.1214,14,2,2,3,59
20.6394,-1.327,0.201,0.0885,14,2,3,3,59
-5.2578,-0.9059,0.49,0.0812,0,3,0,0,52
-4.8132,-0.9031,0.537,0.0909,0,3,1,0,52
-4.378,-0.8952,0.585,0.1101,0,3,2,0,52
-3.9547,-0.8811,0.633,0.1041,0,3,3,0,52
-3.5422,-0.8612,0.682,0.0843,1,3,0,0,52
-3.1378,-0.837,0.731,0.1019,1,3,1,0,52
-2.7371,-0.8109,0.782,0.135,1,3,2,0,52
-1.5096,-0.7459,0.94,0.1416,2,3,1,0,50
-1.0802,-0.7349,0.995,0.1116,2,3,2,0,50
-0.6378,-0.7278,1.052,0.1161,2,3,3,0,50
-0.1796,-0.7151,1.11,0.0816,3,3,0,0,50
0.2941,-0.6896,1.171,0.0879,3,3,1,0,50
1.7773,-0.5762,1.354,0.1264,4,3,0,0,21
3.3151,-0.4435,1.516,0.1474,4,3,3,0,28
3.8178,-0.4038,1.559,0.0924,5,3,0,0,28
4.3072,-0.3699,1.595,0.1213,5,3,1,0,28
4.7801,-0.3429,1.623,0.1197,5,3,2,0,28
5.2364,-0.3231,1.644,0.114,5,3,3,0,28
7.7388,-0.0601,1.676,0.1465,7,3,1,0,45
8.1123,0.0592,1.676,0.149,7,3,2,0,45
9.2269,0.4112,1.651,0.104,8,3,1,0,54
9.6172,0.4867,1.627,0.119,8,3,2,0,54
10.024,0.5291,1.592,0.0782,8,3,3,0,54
10.4475,0.54,1.548,0.1077,9,3,0,0,54
10.883,0.5295,1.496,0.1404,9,3,1,0,54
12.1605,0.3775,1.312,0.1121,10,3,0,0,53
12.5547,0.2633,1.246,0.1395,10,3,1,0,53
12.9347,0.1204,1.178,0.0889,10,3,2,0,53
13.307,-0.0409,1.11,0.1132,10,3,3,0,53
13.6803,-0.2072,1.043,0.1129,11,3,0,0,53
14.8896,-0.6059,0.846,0.084,11,3,3,0,57
15.3324,-0.6712,0.782,0.119,12,3,0,0,57
15.7799,-0.6942,0.723,0.0897,12,3,1,0,57
16.2296,-0.697,0.665,0.1101,12,3,2,0,57
16.686,-0.7002,0.609,0.0874,12,3,3,0,57
18.1305,-0.748,0.44,0.1023,13,3,2,0,59
18.635,-0.7755,0.387,0.0955,13,3,3,0,59
19.144,-0.8053,0.336,0.0952,14,3,0,0,59
19.6514,-0.8344,0.288,0.0881,14,3,1,0,59
20.1517,-0.8598,0.245,0.1342,14,3,2,0,59
20.6403,-0.8793,0.206,0.1342,14,3,3,0,59
-5.2621,-0.4558,0.502,0.0834,0,3,0,1,52
-4.8174,-0.453,0.551,0.0841,0,3,1,1,52
-4.3822,-0.4448,0.601,0.1241,0,3,2,1,52
-3.9587,-0.4302,0.652,0.1285,0,3,3,1,52
-3.5462,-0.4095,0.703,0.0775,1,3,0,1,52
-3.1416,-0.3845,0.755,0.0943,1,3,1,1,52
-2.7406,-0.3575,0.807,0.1365,1,3,2,1,52
-1.5125,-0.2902,0.973,0.1452,2,3,1,1,50
-1.0813,-0.2772,1.032,0.1458,2,3,2,1,50
-0.629,-0.2605,1.093,0.1451,2,3,3,1,50
-0.1574,-0.2342,1.158,0.0915,3,3,0,1,50
0.3213,-0.2033,1.222,0.1137,3,3,1,1,50
1.8005,-0.0934,1.414,0.1011,4,3,0,1,21
3.3325,0.0348,1.582,0.0896,4,3,3,1,28
3.8331,0.0732,1.627,0.1119,5,3,0,1,28
4.3202,0.106,1.664,0.0875,5,3,1,1,28
4.7908,0.1323,1.693,0.1384,5,3,2,1,28
8.1069,0.5299,1.745,0.1214,7,3,2,1,45
9.2176,0.8777,1.715,0.0842,8,3,1,1,54
9.6063,0.9522,1.689,0.1044,8,3,2,1,54
10.0115,0.9941,1.652,0.1346,8,3,3,1,54
10.4333,1.0048,1.606,0.1272,9,3,0,1,54
10.867,0.9944,1.552,0.1366,9,3,1,1,54
12.1405,0.8442,1.363,0.096,10,3,0,1,53
12.5339,0.7313,1.295,0.1322,10,3,1,1,53
12.9135,0.5899,1.226,0.1014,10,3,2,1,53
13.2855,0.4303,1.156,0.1423,10,3,3,1,53
13.6586,0.2657,1.087,0.0853,11,3,0,1,53
14.8669,-0.1286,0.883,0.0945,11,3,3,1,57
15.3167,-0.2008,0.815,0.1006,12,3,0,1,57
15.7794,-0.2386,0.75,0.1495,12,3,1,1,57
16.2368,-0.2485,0.688,0.1354,12,3,2,1,57
16.6931,-0.2517,0.629,0.0864,12,3,3,1,57
18.1369,-0.299,0.454,0.1494,13,3,2,1,59
18.641,-0.3262,0.398,0.1109,13,3,3,1,59
19.1494,-0.3557,0.345,0.1283,14,3,0,1,59
19.6564,-0.3844,0.296,0.1299,14,3,1,1,59
20.1564,-0.4095,0.251,0.1381,14,3,2,1,59
20.6447,-0.4288,0.21,0.0773,14,3,3,1,59
1.8144,0.4006,1.473,0.0966,4,3,0,2,21
1.8144,0.9137,1.531,0.1224,4,3,0,3,21
-5.3807,0.8985,0.523,0.0953,0,4,0,0,81
-4.9353,0.904,0.578,0.0787,0,4,1,0,81
-4.4982,0.9194,0.634,0.1434,0,4,2,0,81
-4.0712,0.947,0.691,0.1346,0,4,3,0,81
-3.6536,0.9859,0.75,0.1022,1,4,0,0,81
-3.243,1.0332,0.81,0.139,1,4,1,0,81
-2.8355,1.0843,0.871,0.1234,1,4,2,0,81
-1.5591,1.2334,1.072,0.1137,2,4,1,0,70
-1.0903,1.2823,1.147,0.1042,2,4,2,0,70
-0.6156,1.32,1.223,0.1385,2,4,3,0,70
-0.1391,1.3498,1.299,0.1387,3,4,0,0,70
0.3372,1.3764,1.373,0.0909,3,4,1,0,70
14.9728,1.2355,0.957,0.0895,11,4,3,0,58
15.4291,1.1658,0.882,0.1338,12,4,0,0,58
15.9031,1.1225,0.807,0.109,12,4,1,0,58
16.3888,1.0912,0.733,0.1273,12,4,2,0,58
16.8716,1.0685,0.662,0.1353,12,4,3,0,58
17.3441,1.0562,0.596,0.1426,13,4,0,0,58
17.8191,1.0448,0.533,0.1453,13,4,1,0,58
18.3044,1.0287,0.471,0.0805,13,4,2,0,58
18.7972,1.0091,0.412,0.1079,13,4,3,0,58
19.2934,0.988,0.355,0.1237,14,4,0,0,58
19.7885,0.9674,0.303,0.0912,14,4,1,0,58
20.2779,0.9493,0.255,0.1347,14,4,2,0,58
20.7583,0.9354,0.211,0.0973,14,4,3,0,58
5.1185,2.0115,1.961,0.1291,5,4,3,1,14
15.0746,1.6668,0.966,0.1272,11,4,3,1,58
15.5363,1.5976,0.888,0.1301,12,4,0,1,58
16.0128,1.5553,0.811,0.1202,12,4,1,1,58
16.4994,1.5252,0.735,0.0797,12,4,2,1,58
16.9895,1.4991,0.661,0.1333,12,4,3,1,58
17.4673,1.484,0.593,0.0845,13,4,0,1,58
17.9379,1.4756,0.529,0.1094,13,4,1,1,58
18.4169,1.4637,0.467,0.0855,13,4,2,1,58
18.902,1.4493,0.407,0.1217,13,4,3,1,58
19.3901,1.4337,0.351,0.1248,14,4,0,1,58
19.8772,1.4186,0.298,0.1022,14,4,1,1,58
20.3596,1.4053,0.25,0.1327,14,4,2,1,58
20.8346,1.3951,0.206,0.1433,14,4,3,1,58
1.7362,2.5484,1.681,0.0772,4,4,0,2,21
4.1552,2.4696,1.952,0.0909,5,4,1,2,14
15.1959,2.0906,0.968,0.0895,11,4,3,2,58
15.6639,2.022,0.887,0.088,12,4,0,2,58
16.1433,1.9806,0.808,0.1122,12,4,1,2,58
16.6313,1.9519,0.731,0.1104,12,4,2,2,58
17.1261,1.9249,0.655,0.1456,12,4,3,2,58
17.6071,1.9089,0.585,0.0818,13,4,0,2,58
18.0734,1.9035,0.521,0.081,13,4,1,2,58
18.5453,1.8965,0.459,0.1452,13,4,2,2,58
19.0218,1.888,0.399,0.0848,13,4,3,2,58
19.5005,1.8789,0.343,0.114,14,4,0,2,58
19.9784,1.87,0.291,0.104,14,4,1,2,58
20.4529,1.8621,0.243,0.1243,14,4,2,2,58
20.9217,1.8561,0.199,0.0886,14,4,3,2,58
15.3223,2.5109,0.966,0.1393,11,4,3,3,58
15.7969,2.443,0.883,0.0872,12,4,0,3,58
16.2796,2.4027,0.802,0.1144,12,4,1,3,58
16.769,2.3754,0.723,0.1487,12,4,2,3,58
17.2654,2.3498,0.646,0.1422,12,4,3,3,58
17.7485,2.3343,0.575,0.0805,13,4,0,3,58
18.2126,2.3309,0.51,0.0846,13,4,1,3,58
18.6771,2.3289,0.448,0.0967,13,4,2,3,58
19.1447,2.3265,0.39,0.0775,13,4,3,3,58
19.6137,2.3239,0.334,0.1009,14,4,0,3,58
20.0823,2.3213,0.282,0.1309,14,4,1,3,58
20.5486,2.3191,0.234,0.1062,14,4,2,3,58
21.0111,2.3173,0.19,0.0803,14,4,3,3,58
1.6609,3.637,1.75,0.1317,4,5,0,0,21
15.4389,2.9314,0.963,0.1472,11,5,3,0,58
15.9197,2.8645,0.878,0.0788,12,5,0,0,58
16.4054,2.8254,0.795,0.1145,12,5,1,0,58
16.8961,2.7998,0.715,0.0895,12,5,2,0,58
17.3928,2.7765,0.637,0.0914,12,5,3,0,58
17.8779,2.7619,0.564,0.0818,13,5,0,0,58
18.3413,2.7601,0.499,0.0984,13,5,1,0,58
18.799,2.7627,0.437,0.1461,13,5,2,0,58
19.2584,2.7658,0.379,0.1,13,5,3,0,58
19.7186,2.7693,0.324,0.0874,14,5,0,0,58
20.1784,2.7726,0.273,0.1274,14,5,1,0,58
20.6371,2.7755,0.225,0.1015,14,5,2,0,58
21.0938,2.7777,0.181,0.0837,14,5,3,0,58
-5.8023,3.1639,0.502,0.0785,0,5,0,1,64
-5.3544,3.1786,0.562,0.096,0,5,1,1,64
-4.9102,3.2198,0.626,0.1361,0,5,2,1,64
-4.4707,3.2935,0.692,0.1219,0,5,3,1,64
-4.0355,3.3976,0.761,0.1169,1,5,0,1,64
-3.6034,3.5239,0.833,0.132,1,5,1,1,64
-3.1585,3.6654,0.91,0.0877,1,5,2,1,64
-1.7172,4.0568,1.174,0.1419,2,5,1,1,66
-1.2348,4.1316,1.265,0.1018,2,5,2,1,66
-0.7538,4.1756,1.355,0.0788,2,5,3,1,66
-0.2755,4.1994,1.444,0.0786,3,5,0,1,66
0.2002,4.2127,1.531,0.0804,3,5,1,1,66
1.6324,4.153,1.773,0.1025,4,5,0,1,21
-5.8527,3.6157,0.496,0.118,0,5,0,2,64
-5.4045,3.6315,0.558,0.1202,0,5,1,2,64
-4.9595,3.6758,0.622,0.1198,0,5,2,2,64
-4.5184,3.755,0.69,0.1067,0,5,3,2,64
-4.0811,3.867,0.76,0.1143,1,5,0,2,64
-3.6464,4.0027,0.833,0.0835,1,5,1,2,64
-3.1909,4.1562,0.912,0.1249,1,5,2,2,64
-1.7342,4.5678,1.181,0.1479,2,5,1,2,66
-1.2505,4.6442,1.273,0.1043,2,5,2,2,66
-0.7687,4.6876,1.365,0.1271,2,5,3,2,66
-0.29,4.7095,1.455,0.1327,3,5,0,2,66
0.1856,4.7201,1.543,0.0853,3,5,1,2,66
1.6154,4.6423,1.79,0.1297,4,5,0,2,21
-5.8809,4.0667,0.492,0.147,0,5,0,3,64
-5.4325,4.0832,0.555,0.139,0,5,1,3,64
-4.987,4.1292,0.62,0.0838,0,5,2,3,64
-4.5451,4.2115,0.688,0.0754,0,5,3,3,64
-4.1066,4.3277,0.759,0.1278,1,5,0,3,64
-3.669,4.4691,0.833,0.129,1,5,1,3,64
-3.2046,4.6293,0.914,0.0967,1,5,2,3,64
-1.7388,5.0487,1.186,0.0834,2,5,1,3,66
-1.2545,5.1248,1.278,0.1475,2,5,2,3,66
-0.7724,5.1668,1.37,0.0824,2,5,3,3,66
-0.2936,5.1866,1.462,0.1425,3,5,0,3,66
0.1822,5.1947,1.551,0.1258,3,5,1,3,66
1.6109,5.1041,1.801,0.1338,4,5,0,3,21
7.3775,4.8558,2.219,0.0894,7,5,1,3,10
16.6038,4.1241,0.787,0.1127,12,5,1,3,44
17.0968,4.1041,0.703,0.0971,12,5,2,3,44
17.5938,4.0876,0.622,0.1205,12,5,3,3,44
18.0916,4.0748,0.545,0.1205,13,5,0,3,44
18.5638,4.0741,0.476,0.0819,13,5,1,3,44
19.0105,4.0845,0.414,0.1197,13,5,2,3,44
19.4556,4.0973,0.355,0.1472,13,5,3,3,44
19.9003,4.1113,0.3,0.0837,14,5,0,3,44
20.3451,4.1248,0.249,0.1388,14,5,1,3,44
20.7906,4.1367,0.201,0.13,14,5,2,3,44
21.2371,4.1458,0.157,0.1246,14,5,3,3,44
-5.891,4.5171,0.489,0.0792,0,6,0,0,64
-5.4425,4.5338,0.552,0.104,0,6,1,0,64
-4.9969,4.5804,0.618,0.1018,0,6,2,0,64
-4.5547,4.6638,0.687,0.0784,0,6,3,0,64
-4.1158,4.7816,0.758,0.1048,1,6,0,0,64
-3.6727,4.9259,0.833,0.1034,1,6,1,0,64
-3.2012,5.0883,0.915,0.095,1,6,2,0,64
-1.7335,5.505,1.187,0.0798,2,6,1,0,66
-1.2492,5.5794,1.28,0.0782,2,6,2,0,66
-0.7672,5.6194,1.373,0.0864,2,6,3,0,66
-0.2882,5.637,1.465,0.085,3,6,0,0,66
0.1875,5.6426,1.555,0.1171,3,6,1,0,66
17.0976,4.5499,0.706,0.079,12,6,2,0,44
17.5946,4.5356,0.624,0.0915,12,6,3,0,44
18.0951,4.5242,0.545,0.1327,13,6,0,0,44
18.5743,4.5228,0.473,0.0919,13,6,1,0,44
19.0247,4.5326,0.41,0.0878,13,6,2,0,44
19.4688,4.5461,0.351,0.1412,13,6,3,0,44
19.9125,4.5607,0.295,0.0838,14,6,0,0,44
20.3563,4.575,0.243,0.1193,14,6,1,0,44
20.801,4.5874,0.195,0.0899,14,6,2,0,44
21.2468,4.597,0.15,0.1139,14,6,3,0,44
-5.8614,5.9061,0.476,0.0985,0,6,0,3,65
-5.4131,5.9213,0.541,0.144,0,6,1,3,65
-4.9678,5.964,0.609,0.1053,0,6,2,3,65
-4.526,6.0403,0.678,0.1258,0,6,3,3,65
-4.0877,6.1481,0.749,0.1114,1,6,0,3,65
-3.6286,6.2813,0.826,0.1126,1,6,1,3,65
-3.1427,6.4275,0.911,0.0975,1,6,2,3,65
-2.654,6.5695,0.998,0.0949,1,6,3,3,65
-2.1683,6.6933,1.087,0.1441,2,6,0,3,65
-1.6845,6.7884,1.177,0.0854,2,6,1,3,65
-1.202,6.8501,1.269,0.0948,2,6,2,3,65
-0.7209,6.8804,1.361,0.1422,2,6,3,3,65
-0.2424,6.8904,1.453,0.0771,3,6,0,3,65
0.2329,6.8896,1.543,0.1178,3,6,1,3,65
15.0639,6.0631,1.075,0.0873,11,6,2,3,19
15.5581,5.9778,0.98,0.0963,11,6,3,3,19
17.0337,5.8904,0.709,0.1474,12,6,2,3,19
17.5295,5.883,0.624,0.0773,12,6,3,3,19
18.0275,5.8784,0.543,0.1188,13,6,0,3,19
18.5236,5.878,0.467,0.0812,13,6,1,3,19
19.8653,5.913,0.281,0.1,14,6,0,3,19
20.3029,5.9271,0.228,0.1387,14,6,1,3,19
20.742,5.9395,0.179,0.1373,14,6,2,3,19
21.1837,5.949,0.132,0.0905,14,6,3,3,19
-5.8222,6.4055,0.471,0.1151,0,7,0,0,65
-5.374,6.4189,0.537,0.0936,0,7,1,0,65
-4.9289,6.4564,0.605,0.1239,0,7,2,0,65
-4.4878,6.5236,0.674,0.148,0,7,3,0,65
-4.0498,6.6184,0.746,0.1377,1,7,0,0,65
-3.5869,6.7352,0.823,0.0888,1,7,1,0,65
-3.0985,6.8625,0.908,0.1111,1,7,2,0,65
-2.6122,6.9857,0.994,0.0963,1,7,3,0,65
-2.1287,7.0927,1.082,0.1234,2,7,0,0,65
-1.6465,7.1746,1.172,0.1464,2,7,1,0,65
-1.1651,7.2271,1.263,0.0763,2,7,2,0,65
-0.6847,7.2521,1.355,0.0799,2,7,3,0,65
-0.2067,7.2591,1.447,0.1359,3,7,0,0,65
0.268,7.2567,1.537,0.1392,3,7,1,0,65
15.0167,6.4981,1.077,0.1123,11,7,2,0,19
15.5129,6.4166,0.981,0.1168,11,7,3,0,19
16.0059,6.3679,0.888,0.0984,12,7,0,0,19
16.4968,6.3461,0.797,0.0768,12,7,1,0,19
16.9891,6.3377,0.709,0.1282,12,7,2,0,19
17.4836,6.3327,0.624,0.1294,12,7,3,0,19
17.9786,6.3304,0.542,0.098,13,7,0,0,19
20.2329,6.3799,0.227,0.0931,14,7,1,0,19
20.6653,6.3919,0.177,0.1259,14,7,2,0,19
21.1018,6.4012,0.131,0.106,14,7,3,0,19
-5.6268,8.0015,0.452,0.1498,0,7,0,3,60
-5.1791,8.0058,0.518,0.0847,0,7,1,3,60
-4.7358,8.0177,0.586,0.1063,0,7,2,3,60
-4.2976,8.0392,0.656,0.1101,0,7,3,3,60
-3.8524,8.0687,0.73,0.0815,1,7,0,3,60
-3.3831,8.103,0.81,0.119,1,7,1,3,60
-2.9019,8.1391,0.895,0.138,1,7,2,3,60
-2.4247,8.1737,0.98,0.0767,1,7,3,3,60
-1.949,8.2032,1.068,0.1354,2,7,0,3,60
-1.4733,8.2247,1.156,0.1211,2,7,1,3,60
-0.9965,8.2368,1.246,0.0936,2,7,2,3,60
-0.5192,8.2401,1.337,0.1457,2,7,3,3,60
-0.0434,8.2377,1.426,0.1201,3,7,0,3,60
0.4284,8.2323,1.513,0.1119,3,7,1,3,60
-5.5559,8.5407,0.441,0.0857,0,8,0,0,60
-5.1085,8.5417,0.507,0.1305,0,8,1,0,60
-4.6657,8.5444,0.575,0.092,0,8,2,0,60
-4.2287,8.5492,0.645,0.117,0,8,3,0,60
-3.7829,8.5546,0.719,0.1244,1,8,0,0,60
-3.3138,8.5587,0.8,0.0963,1,8,1,0,60
-2.8354,8.5619,0.885,0.1493,1,8,2,0,60
-2.3607,8.5649,0.971,0.124,1,8,3,0,60
-1.8874,8.5666,1.058,0.1311,2,8,0,0,60
-1.4136,8.5665,1.147,0.0975,2,8,1,0,60
-0.9383,8.5642,1.237,0.1147,2,8,2,0,60
-0.462,8.5599,1.327,0.0791,2,8,3,0,60
0.0131,8.5543,1.415,0.1012,3,8,0,0,60
0.4837,8.548,1.501,0.1474,3,8,1,0,60
10.2581,9.274,1.777,0.0768,9,8,1,1,6
17.1651,8.5812,0.599,0.112,12,8,3,1,23
-5.4156,10.0674,0.389,0.1409,0,8,0,3,61
-4.9686,10.0618,0.452,0.1014,0,8,1,3,61
-4.527,10.0461,0.518,0.1123,0,8,2,3,61
-4.0922,10.018,0.586,0.1078,0,8,3,3,61
-3.6557,9.9768,0.658,0.1249,1,8,0,3,61
-3.1965,9.9208,0.737,0.1152,1,8,1,3,61
-2.7223,9.8567,0.822,0.0761,1,8,2,3,61
-5.4015,10.5352,0.366,0.1066,0,9,0,0,61
-4.9545,10.529,0.428,0.1191,0,9,1,0,61
-4.513,10.5114,0.492,0.087,0,9,2,0,61
-4.0784,10.48,0.559,0.106,0,9,3,0,61
-3.6474,10.4351,0.629,0.1498,1,9,0,0,61
-3.195,10.3737,0.706,0.1317,1,9,1,0,61
-2.722,10.3015,0.789,0.1027,1,9,2,0,61
15.6447,9.8958,0.782,0.1299,12,9,0,0,20
15.1513,10.3563,0.833,0.1341,11,9,3,1,20
11.9989,11.2682,1.273,0.1136,10,9,1,2,73
12.5115,11.1888,1.202,0.0853,10,9,2,2,73
-5.3965,11.8843,0.29,0.1016,0,9,0,3,67
-4.9497,11.878,0.346,0.1334,0,9,1,3,67
-4.5087,11.8604,0.405,0.0831,0,9,2,3,67
-4.0749,11.8289,0.467,0.1236,0,9,3,3,67
-3.6478,11.7845,0.53,0.1458,1,9,0,3,67
-3.2222,11.7294,0.597,0.1223,1,9,1,3,67
-2.7757,11.6603,0.67,0.1356,1,9,2,3,67
11.069,11.7741,1.338,0.149,9,9,3,3,73
11.5359,11.7446,1.277,0.0846,10,9,0,3,73
12.0253,11.6899,1.213,0.1418,10,9,1,3,73
12.5348,11.6142,1.145,0.0826,10,9,2,3,73
-5.3943,12.3249,0.264,0.1276,0,10,0,0,67
-4.9479,12.3188,0.319,0.1416,0,10,1,0,67
-4.5076,12.3019,0.376,0.0965,0,10,2,0,67
-4.0752,12.2717,0.435,0.1405,0,10,3,0,67
-3.65,12.2291,0.496,0.1055,1,10,0,0,67
-3.23,12.1774,0.559,0.1473,1,10,1,0,67
-2.7976,12.1148,0.627,0.0932,1,10,2,0,67
11.1137,12.171,1.273,0.1097,9,10,3,0,73
11.5781,12.1453,1.214,0.1026,10,10,0,0,73
12.0626,12.0964,1.152,0.0959,10,10,1,0,73
13.0814,11.948,1.017,0.1384,10,10,3,0,73
-5.391,12.7601,0.238,0.1382,0,10,0,1,67
-4.9449,12.7544,0.291,0.0832,0,10,1,1,67
-4.5059,12.7387,0.346,0.122,0,10,2,1,67
-4.0756,12.7105,0.403,0.144,0,10,3,1,67
-3.6534,12.6707,0.461,0.0809,1,10,0,1,67
-3.2371,12.6223,0.521,0.0763,1,10,1,1,67
-2.8192,12.5679,0.584,0.0942,1,10,2,1,67
12.1114,12.4862,1.091,0.0775,10,10,1,1,73
12.6028,12.4293,1.027,0.0767,10,10,2,1,73
14.6351,12.1852,0.744,0.09,11,10,2,1,74
12.6464,12.8205,0.969,0.1397,10,10,2,2,73
13.1319,12.7705,0.905,0.1429,10,10,3,2,73
14.6106,12.6414,0.7,0.1267,11,10,2,2,74
15.1018,12.6254,0.628,0.1236,11,10,3,2,74
17.0509,12.6937,0.345,0.1373,12,10,3,2,47
17.5245,12.7149,0.281,0.1077,13,10,0,2,47
17.9673,12.7251,0.225,0.1462,13,10,1,2,47
18.3886,12.7298,0.175,0.0757,13,10,2,2,47
18.8037,12.7355,0.127,0.1407,13,10,3,2,47
14.5807,13.1017,0.655,0.1037,11,10,2,3,74
15.0597,13.0975,0.586,0.1468,11,10,3,3,74
15.5406,13.1067,0.517,0.1437,12,10,0,3,74
17.0004,13.1792,0.314,0.1338,12,10,3,3,47
17.4729,13.1954,0.254,0.1115,13,10,0,3,47
17.9232,13.1998,0.199,0.1325,13,10,1,3,47
18.3679,13.203,0.148,0.0765,13,10,2,3,47
18.8114,13.2068,0.099,0.1371,13,10,3,3,47
19.2545,13.2109,0.053,0.1213,14,10,0,3,47
-5.3765,14.0464,0.164,0.1296,0,11,0,0,68
-4.9323,14.0425,0.211,0.0947,0,11,1,0,68
-4.4985,14.0315,0.259,0.0813,0,11,2,0,68
-4.0774,14.0119,0.307,0.1123,0,11,3,0,68
-3.6684,13.9842,0.357,0.1369,1,11,0,0,68
-3.268,13.9506,0.407,0.0897,1,11,1,0,68
-2.8716,13.9143,0.459,0.1417,1,11,2,0,68
-2.4739,13.8788,0.512,0.117,1,11,3,0,68
-2.0646,13.8445,0.567,0.0918,2,11,0,0,68
-1.6283,13.8057,0.627,0.149,2,11,1,0,68
-1.1666,13.7649,0.69,0.0929,2,11,2,0,68
-0.6936,13.7301,0.756,0.1477,2,11,3,0,68
-0.2171,13.7008,0.82,0.1098,3,11,0,0,68
0.2585,13.6726,0.884,0.1087,3,11,1,0,68
1.6822,13.5657,1.068,0.1037,4,11,0,0,30
2.1566,13.5217,1.125,0.1324,4,11,1,0,30
2.6291,13.4759,1.18,0.1412,4,11,2,0,30
3.0974,13.431,1.23,0.1221,4,11,3,0,30
3.5598,13.3892,1.275,0.1306,5,11,0,0,30
4.8996,13.3017,1.372,0.1325,5,11,3,0,49
5.3312,13.2862,1.39,0.0945,6,11,0,0,49
6.5864,13.2759,1.408,0.1495,6,11,3,0,18
6.9835,13.2923,1.401,0.0889,7,11,0,0,18
10.1157,13.5534,1.167,0.085,9,11,0,0,83
14.5506,13.5661,0.609,0.1056,11,11,2,0,74
15.0172,13.5738,0.544,0.1494,11,11,3,0,74
15.491,13.5903,0.478,0.1019,12,11,0,0,74
16.944,13.6647,0.284,0.1272,12,11,3,0,47
17.4147,13.6741,0.227,0.0905,13,11,0,0,47
17.8779,13.6752,0.173,0.1146,13,11,1,0,47
18.3467,13.6767,0.121,0.1212,13,11,2,0,47
18.8194,13.6786,0.071,0.1188,13,11,3,0,47
19.2939,13.6806,0.024,0.1237,14,11,0,0,47
19.7678,13.6826,-0.02,0.1445,14,11,1,0,47
20.2387,13.6843,-0.062,0.113,14,11,2,0,47
20.7048,13.6856,-0.1,0.0905,14,11,3,0,47
-5.3718,14.4756,0.14,0.1241,0,11,0,1,68
-4.9281,14.4722,0.184,0.0964,0,11,1,1,68
-4.496,14.4628,0.23,0.1135,0,11,2,1,68
-4.078,14.446,0.276,0.1012,0,11,3,1,68
-3.6732,14.4223,0.323,0.1254,1,11,0,1,68
-3.2781,14.3934,0.37,0.1455,1,11,1,1,68
-2.8873,14.3623,0.418,0.1165,1,11,2,1,68
-2.495,14.332,0.468,0.1371,1,11,3,1,68
-2.0956,14.3055,0.518,0.0771,2,11,0,1,68
-1.6778,14.2801,0.571,0.1456,2,11,1,1,68
-1.2294,14.2489,0.63,0.0883,2,11,2,1,68
-0.7584,14.2151,0.691,0.0815,2,11,3,1,68
-0.2812,14.1848,0.753,0.1018,3,11,0,1,68
0.196,14.1547,0.814,0.0849,3,11,1,1,68
1.6405,14.0242,0.995,0.0968,4,11,0,1,30
2.1276,13.9657,1.054,0.1434,4,11,1,1,30
2.6139,13.9037,1.11,0.1319,4,11,2,1,30
3.0965,13.8423,1.162,0.0826,4,11,3,1,30
3.5719,13.7857,1.208,0.1366,5,11,0,1,30
4.9353,13.6726,1.306,0.1484,5,11,3,1,49
5.3695,13.6555,1.324,0.1269,6,11,0,1,49
6.6311,13.6444,1.34,0.1479,6,11,3,1,18
7.0317,13.6593,1.332,0.0982,7,11,0,1,18
14.5256,14.0343,0.561,0.1004,11,11,2,1,74
14.9811,14.0531,0.5,0.1087,11,11,3,1,74
15.4485,14.0764,0.437,0.1118,12,11,0,1,74
16.8871,14.146,0.254,0.1128,12,11,3,1,47
17.3571,14.1486,0.2,0.0778,13,11,0,1,47
18.327,14.1487,0.095,0.0754,13,11,2,1,47
18.8267,14.1488,0.044,0.1004,13,11,3,1,47
19.3303,14.1489,-0.003,0.1349,14,11,0,1,47
19.8327,14.149,-0.048,0.0756,14,11,1,1,47
20.3285,14.149,-0.089,0.092,14,11,2,1,47
20.8137,14.1491,-0.127,0.1355,14,11,3,1,47
-5.3678,14.9084,0.116,0.1499,0,11,0,2,68
-4.9247,14.9055,0.159,0.1346,0,11,1,2,68
-4.494,14.8974,0.202,0.1041,0,11,2,2,68
-4.0785,14.8829,0.246,0.0828,0,11,3,2,68
-3.6772,14.8624,0.29,0.0895,1,11,0,2,68
-3.2863,14.8376,0.334,0.127,1,11,1,2,68
-2.9002,14.8108,0.379,0.1298,1,11,2,2,68
-2.5125,14.7846,0.425,0.0917,1,11,3,2,68
-2.117,14.7617,0.472,0.1165,2,11,0,2,68
-1.7089,14.7441,0.521,0.0886,2,11,1,2,68
-1.2782,14.7267,0.573,0.0763,2,11,2,2,68
-0.8174,14.701,0.629,0.1069,2,11,3,2,68
-0.3402,14.6704,0.687,0.123,3,11,0,2,68
0.1387,14.6385,0.746,0.0904,3,11,1,2,68
1.601,14.4879,0.923,0.1123,4,11,0,2,30
2.0989,14.4171,0.981,0.1437,4,11,1,2,30
2.5972,14.3414,1.038,0.1311,4,11,2,2,30
3.0917,14.2662,1.091,0.1495,4,11,3,2,30
3.5782,14.1968,1.139,0.0947,5,11,0,2,30
4.9625,14.0623,1.237,0.0789,5,11,3,2,49
5.3993,14.0439,1.255,0.1396,6,11,0,2,49
6.6674,14.032,1.268,0.1204,6,11,3,2,18
7.0714,14.0458,1.26,0.0906,7,11,0,2,18
14.5106,14.5061,0.513,0.1117,11,11,2,2,74
14.9571,14.5342,0.455,0.0979,11,11,3,2,74
15.4195,14.5632,0.395,0.0894,12,11,0,2,74
-5.365,15.3462,0.092,0.1068,0,11,0,3,68
-4.9223,15.3436,0.133,0.1236,0,11,1,3,68
-4.4926,15.3365,0.175,0.0973,0,11,2,3,68
-4.0788,15.3236,0.216,0.1256,0,11,3,3,68
-3.68,15.3055,0.258,0.079,1,11,0,3,68
-3.2922,15.2835,0.299,0.1153,1,11,1,3,68
-2.9093,15.2597,0.341,0.1488,1,11,2,3,68
-2.5248,15.2365,0.384,0.0992,1,11,3,3,68
-2.1321,15.2162,0.429,0.1069,2,11,0,3,68
-1.7262,15.2005,0.475,0.1275,2,11,1,3,68
-1.3044,15.1906,0.522,0.129,2,11,2,3,68
-0.8599,15.179,0.572,0.136,2,11,3,3,68
-0.391,15.1559,0.625,0.1157,3,11,0,3,68
0.0887,15.1231,0.68,0.0912,3,11,1,3,68
1.565,14.9573,0.851,0.1267,4,11,0,3,30
2.0709,14.8773,0.91,0.079,4,11,1,3,30
2.5783,14.7915,0.966,0.1374,4,11,2,3,30
3.0819,14.706,1.019,0.1491,4,11,3,3,30
3.577,14.6272,1.067,0.1169,5,11,0,3,30
4.9778,14.4768,1.164,0.0847,5,11,3,3,49
5.4171,14.4575,1.18,0.0916,6,11,0,3,49
14.5088,14.9813,0.463,0.1424,11,11,2,3,74
14.9493,15.0163,0.408,0.1433,11,11,3,3,74
15.4085,15.0496,0.352,0.1423,12,11,0,3,74
1.5328,15.4324,0.782,0.0863,4,12,0,0,30
2.0439,15.3468,0.838,0.1445,4,12,1,0,30
2.5571,15.2547,0.894,0.1184,4,12,2,0,30
3.0667,15.1629,0.945,0.1041,4,12,3,0,30
3.5674,15.0785,0.992,0.1182,5,12,0,0,30
14.5211,15.4601,0.413,0.0859,11,12,2,0,74
14.9586,15.4993,0.361,0.1101,11,12,3,0,74
15.4099,15.5288,0.309,0.1355,12,12,0,0,74
16.7757,15.5421,0.163,0.1054,12,12,3,0,78
17.2571,15.5412,0.115,0.1112,13,12,0,0,78
17.7634,15.5394,0.066,0.0891,13,12,1,0,78
18.2929,15.5369,0.018,0.0849,13,12,2,0,78
18.8393,15.5338,-0.03,0.11,13,12,3,0,78
19.3936,15.5305,-0.075,0.0777,14,12,0,0,78
19.9451,15.5273,-0.118,0.1302,14,12,1,0,78
20.4841,15.5245,-0.156,0.138,14,12,2,0,78
21.0025,15.5223,-0.19,0.1067,14,12,3,0,78
1.5036,15.913,0.715,0.1168,4,12,0,1,30
2.0177,15.8247,0.768,0.1055,4,12,1,1,30
2.5341,15.7296,0.821,0.1247,4,12,2,1,30
3.047,15.6349,0.871,0.0897,4,12,3,1,30
3.5509,15.5478,0.916,0.1153,5,12,0,1,30
14.5448,15.9426,0.364,0.1267,11,12,2,1,74
14.9751,15.9762,0.315,0.1002,11,12,3,1,74
15.412,15.9915,0.269,0.0806,12,12,0,1,74
-5.3649,16.6869,0.026,0.0755,0,12,0,2,72
-4.9224,16.6845,0.061,0.134,0,12,1,2,72
-4.4934,16.6781,0.097,0.0834,0,12,2,2,72
-4.0809,16.6665,0.132,0.1071,0,12,3,2,72
-3.6838,16.6502,0.167,0.085,1,12,0,2,72
-3.298,16.6303,0.203,0.1097,1,12,1,2,72
-2.9175,16.6089,0.238,0.0843,1,12,2,2,72
-2.5351,16.588,0.274,0.1333,1,12,3,2,72
-2.1444,16.5697,0.312,0.0944,2,12,0,2,72
-1.74,16.5556,0.35,0.1177,2,12,1,2,72
-1.3191,16.5467,0.39,0.1492,2,12,2,2,72
-0.8826,16.5425,0.43,0.1144,2,12,3,2,72
-0.4359,16.5413,0.471,0.1114,3,12,0,2,72
0.0167,16.5381,0.511,0.1243,3,12,1,2,72
1.4755,16.3993,0.65,0.1243,4,12,0,2,30
1.9912,16.31,0.7,0.0876,4,12,1,2,30
2.5094,16.2138,0.75,0.1389,4,12,2,2,30
3.0243,16.1181,0.798,0.0786,4,12,3,2,30
3.5302,16.0302,0.84,0.0974,5,12,0,2,30
4.9582,15.8642,0.926,0.1298,5,12,3,2,38
5.4045,15.8438,0.94,0.1268,6,12,0,2,38
6.276,15.8278,0.952,0.1078,6,12,2,2,38
14.5664,16.4163,0.317,0.0962,11,12,2,2,74
14.985,16.4357,0.274,0.1361,11,12,3,2,74
15.4143,16.4425,0.231,0.0869,12,12,0,2,74
1.4498,16.8872,0.588,0.0798,4,12,0,3,30
1.9622,16.8047,0.634,0.1109,4,12,1,3,30
2.4809,16.7097,0.681,0.1482,4,12,2,3,30
2.9964,16.6151,0.725,0.1398,4,12,3,3,30
3.5032,16.5283,0.765,0.1277,5,12,0,3,30
4.936,16.3641,0.846,0.0906,5,12,3,3,38
5.3845,16.3438,0.859,0.0934,6,12,0,3,38
14.5858,16.8702,0.275,0.0899,11,12,2,3,74
15.0001,16.8819,0.236,0.0958,11,12,3,3,74
15.4302,16.8884,0.195,0.1021,12,12,0,3,74
16.7849,16.8908,0.073,0.0936,12,12,3,3,79
17.2663,16.8902,0.032,0.0883,13,12,0,3,79
17.7724,16.889,-0.01,0.1257,13,12,1,3,79
19.4018,16.883,-0.132,0.1139,14,12,0,3,85
19.9532,16.8809,-0.169,0.0892,14,12,1,3,85
20.4919,16.879,-0.203,0.1061,14,12,2,3,85
21.0101,16.8775,-0.233,0.0968,14,12,3,3,85
1.4341,17.3641,0.532,0.1475,4,13,0,0,30
1.9338,17.3037,0.572,0.1361,4,13,1,0,30
2.4452,17.223,0.613,0.1087,4,13,2,0,30
2.9588,17.1342,0.653,0.0832,4,13,3,0,30
3.4643,17.052,0.69,0.1332,5,13,0,0,30
14.6243,17.3113,0.235,0.0838,11,13,2,0,74
15.0425,17.3213,0.197,0.1099,11,13,3,0,74
15.4747,17.3269,0.159,0.1435,12,13,0,0,74
16.829,17.3293,0.044,0.129,12,13,3,0,79
17.3073,17.3297,0.005,0.1256,13,13,0,0,79
17.8079,17.3302,-0.035,0.0798,13,13,1,0,79
19.4101,17.3332,-0.149,0.128,14,13,0,0,85
19.9516,17.3343,-0.184,0.1094,14,13,1,0,85
20.4816,17.3352,-0.215,0.1205,14,13,2,0,85
20.9932,17.3359,-0.244,0.1428,14,13,3,0,85
-5.491,18.0514,-0.039,0.0877,0,13,0,1,39
-5.0465,18.0489,-0.008,0.0891,0,13,1,1,39
-4.6116,18.0419,0.022,0.1024,0,13,2,1,39
-4.1887,18.0294,0.053,0.1195,0,13,3,1,39
-3.777,18.0116,0.084,0.0946,1,13,0,1,39
-3.3735,17.9901,0.115,0.1371,1,13,1,1,39
-2.9737,17.9668,0.146,0.1056,1,13,2,1,39
-1.7486,17.909,0.244,0.1356,2,13,1,1,33
-1.3196,17.8993,0.278,0.1053,2,13,2,1,33
-0.8795,17.8947,0.311,0.0862,2,13,3,1,33
0.9474,17.8622,0.446,0.141,3,13,3,1,30
1.4262,17.8312,0.48,0.1432,4,13,0,1,30
1.9138,17.791,0.515,0.1468,4,13,1,1,30
2.4106,17.737,0.549,0.0873,4,13,2,1,30
2.912,17.6731,0.583,0.094,4,13,3,1,30
3.4107,17.6068,0.615,0.094,5,13,0,1,30
5.7415,17.436,0.7,0.1474,6,13,1,1,22
6.1832,17.4291,0.703,0.1253,6,13,2,1,22
6.6183,17.4279,0.702,0.1081,6,13,3,1,22
7.0457,17.4329,0.697,0.0876,7,13,0,1,22
14.6932,17.7455,0.195,0.1079,11,13,2,1,74
15.1182,17.7524,0.159,0.1147,11,13,3,1,74
15.5543,17.7563,0.123,0.0934,12,13,0,1,74
16.9079,17.7587,0.014,0.0938,12,13,3,1,79
17.3807,17.7609,-0.023,0.0871,13,13,0,1,79
17.8716,17.7646,-0.059,0.0826,13,13,1,1,79
19.4249,17.7835,-0.165,0.1461,14,13,0,1,85
19.9487,17.7903,-0.197,0.1025,14,13,1,1,85
20.4633,17.7963,-0.227,0.1116,14,13,2,1,85
20.9629,17.8009,-0.254,0.0991,14,13,3,1,85
-5.5923,18.5132,-0.061,0.1104,0,13,0,2,39
-5.146,18.5106,-0.032,0.1166,0,13,1,2,39
-4.7066,18.5031,-0.003,0.0891,0,13,2,2,39
-4.2753,18.4897,0.027,0.0939,0,13,3,2,39
-3.8519,18.4708,0.057,0.1289,1,13,0,2,39
-3.4341,18.4479,0.087,0.1194,1,13,1,2,39
-3.019,18.4232,0.118,0.1128,1,13,2,2,39
-1.7555,18.3617,0.213,0.1128,2,13,1,2,33
-1.3201,18.3514,0.245,0.1228,2,13,2,2,33
14.7905,18.173,0.157,0.1408,11,13,2,2,74
15.2252,18.1757,0.122,0.1323,11,13,3,2,74
15.6667,18.1772,0.087,0.1337,12,13,0,2,74
14.9086,18.5959,0.12,0.1259,11,13,2,3,74
15.3551,18.5933,0.086,0.0835,11,13,3,3,74
15.803,18.5919,0.053,0.0941,12,13,0,3,74
-0.4202,19.2497,0.243,0.1346,3,14,0,0,32
0.0304,19.2497,0.27,0.103,3,14,1,0,32
0.4828,19.25,0.297,0.1141,3,14,2,0,32
0.938,19.2505,0.322,0.1274,3,14,3,0,32
2.3187,19.2537,0.39,0.1363,4,14,2,0,27
2.7811,19.2549,0.409,0.1389,4,14,3,0,27
3.2425,19.2561,0.426,0.1268,5,14,0,0,27
3.702,19.2571,0.44,0.1216,5,14,1,0,27
4.1586,19.2578,0.453,0.0886,5,14,2,0,27
9.9887,19.1103,0.398,0.126,8,14,3,0,35
10.438,19.1059,0.376,0.1057,9,14,0,0,35
11.7919,19.1011,0.3,0.1298,9,14,3,0,77
12.249,19.0947,0.272,0.12,10,14,0,0,77
12.7101,19.0848,0.243,0.1479,10,14,1,0,77
13.1745,19.0719,0.212,0.079,10,14,2,0,77
13.6409,19.0572,0.181,0.0887,10,14,3,0,77
15.0363,19.0165,0.085,0.1322,11,14,2,0,74
15.4954,19.0083,0.053,0.0876,11,14,3,0,74
15.9505,19.0038,0.021,0.1362,12,14,0,0,74
17.3007,19.0064,-0.071,0.121,12,14,3,0,80
17.7463,19.0174,-0.1,0.1051,13,14,0,0,80
18.1883,19.037,-0.129,0.1371,13,14,1,0,80
19.4987,19.1349,-0.207,0.075,14,14,0,0,86
19.9344,19.1704,-0.231,0.1392,14,14,1,0,86
20.3719,19.2014,-0.254,0.1398,14,14,2,0,86
20.8122,19.2253,-0.275,0.1382,14,14,3,0,86
-5.9773,19.9078,-0.119,0.1346,0,14,0,1,40
-5.5247,19.9046,-0.094,0.1114,0,14,1,1,40
-5.0676,19.8954,-0.069,0.1301,0,14,2,1,40
-4.6047,19.879,-0.042,0.101,0,14,3,1,40
-3.1908,19.7974,0.045,0.0925,1,14,2,1,40
-1.7817,19.722,0.133,0.1151,2,14,1,1,34
-0.416,19.7019,0.215,0.1253,3,14,0,1,32
0.0341,19.7028,0.24,0.0993,3,14,1,1,32
0.4843,19.7065,0.264,0.1258,3,14,2,1,32
0.9346,19.7144,0.287,0.1466,3,14,3,1,32
2.2868,19.7612,0.345,0.0908,4,14,2,1,27
2.7377,19.78,0.361,0.1089,4,14,3,1,27
3.1885,19.7975,0.375,0.1333,5,14,0,1,27
3.6391,19.8119,0.387,0.1179,5,14,1,1,27
4.0896,19.8221,0.398,0.0824,5,14,2,1,27
6.3423,19.8148,0.421,0.1404,6,14,3,1,37
6.7954,19.7954,0.42,0.1256,7,14,0,1,37
7.2497,19.7679,0.418,0.122,7,14,1,1,37
7.705,19.7347,0.413,0.1484,7,14,2,1,37
8.1606,19.6987,0.407,0.1163,7,14,3,1,37
8.6162,19.6637,0.398,0.0839,8,14,0,1,37
9.9771,19.5942,0.354,0.1366,8,14,3,1,35
10.4283,19.5872,0.333,0.137,9,14,0,1,35
11.7883,19.5792,0.262,0.102,9,14,3,1,77
12.255,19.5686,0.235,0.0858,10,14,0,1,77
12.7311,19.552,0.207,0.0837,10,14,1,1,77
13.215,19.5304,0.178,0.1267,10,14,2,1,77
13.7038,19.5058,0.147,0.1253,10,14,3,1,77
15.1607,19.4379,0.054,0.1472,11,14,2,1,74
15.6321,19.4242,0.023,0.1191,11,14,3,1,74
16.0941,19.4166,-0.008,0.1232,12,14,0,1,74
17.4432,19.4193,-0.095,0.1117,12,14,3,1,80
17.8788,19.4335,-0.122,0.1304,13,14,0,1,80
18.3032,19.4589,-0.148,0.1461,13,14,1,1,80
19.5255,19.5854,-0.219,0.1264,14,14,0,1,86
19.9292,19.6313,-0.24,0.1053,14,14,1,1,86
20.3387,19.6715,-0.26,0.107,14,14,2,1,86
20.7575,19.7023,-0.28,0.1011,14,14,3,1,86
-6.0906,20.371,-0.134,0.1293,0,14,0,2,40
-5.6362,20.3675,-0.11,0.0795,0,14,1,2,40
-5.1738,20.3578,-0.085,0.1314,0,14,2,2,40
-4.7017,20.3406,-0.059,0.106,0,14,3,2,40
-4.2204,20.3162,-0.032,0.1413,1,14,0,2,40
-3.7324,20.2866,-0.003,0.1468,1,14,1,2,40
-3.2414,20.2546,0.026,0.0838,1,14,2,2,40
-1.7895,20.1751,0.112,0.1029,2,14,1,2,34
-0.4123,20.1539,0.189,0.1205,3,14,0,2,32
0.0373,20.1555,0.213,0.1405,3,14,1,2,32
0.4856,20.1622,0.235,0.089,3,14,2,2,32
0.9317,20.1766,0.256,0.0908,3,14,3,2,32
2.2588,20.2616,0.306,0.1155,4,14,2,2,27
2.6996,20.2958,0.32,0.1188,4,14,3,2,27
3.1411,20.3275,0.331,0.1347,5,14,0,2,27
3.5841,20.3537,0.342,0.077,5,14,1,2,27
4.0291,20.3721,0.35,0.1236,5,14,2,2,27
4.4763,20.3825,0.358,0.085,5,14,3,2,27
4.9253,20.3862,0.364,0.1141,6,14,0,2,27
6.2811,20.3664,0.372,0.0925,6,14,3,2,37
6.7387,20.3407,0.372,0.0808,7,14,0,2,37
7.1994,20.3042,0.37,0.0998,7,14,1,2,37
7.6623,20.2601,0.367,0.1498,7,14,2,2,37
8.1263,20.2124,0.362,0.1096,7,14,3,2,37
8.59,20.166,0.354,0.1054,8,14,0,2,37
9.967,20.0739,0.314,0.1318,8,14,3,2,35
10.4198,20.0646,0.295,0.0873,9,14,0,2,35
11.7851,20.0538,0.227,0.0947,9,14,3,2,77
12.2602,20.0395,0.202,0.1281,10,14,0,2,77
12.7495,20.017,0.175,0.0957,10,14,1,2,77
13.2505,19.9879,0.147,0.1265,10,14,2,2,77
13.7588,19.9546,0.117,0.1096,10,14,3,2,77
15.2696,19.8628,0.026,0.0921,11,14,2,2,74
15.7518,19.8443,-0.004,0.0845,11,14,3,2,74
16.2199,19.834,-0.033,0.1443,12,14,0,2,74
17.5679,19.8368,-0.116,0.1391,12,14,3,2,80
17.9949,19.8538,-0.141,0.0966,13,14,0,2,80
18.4038,19.8842,-0.165,0.0994,13,14,1,2,80
19.549,20.0358,-0.228,0.1138,14,14,0,2,86
19.9247,20.0908,-0.247,0.1171,14,14,1,2,86
20.3096,20.139,-0.266,0.0872,14,14,2,2,86
20.7096,20.176,-0.284,0.1087,14,14,3,2,86
-6.1777,20.8311,-0.145,0.0798,0,14,0,3,40
-5.7219,20.8275,-0.122,0.1467,0,14,1,3,40
-5.2555,20.8174,-0.098,0.0864,0,14,2,3,40
-4.7762,20.7995,-0.073,0.136,0,14,3,3,40
-4.2848,20.7741,-0.046,0.0775,1,14,0,3,40
-3.7845,20.7433,-0.019,0.0902,1,14,1,3,40
-3.2803,20.71,0.01,0.1382,1,14,2,3,40
-1.7954,20.6274,0.093,0.1329,2,14,1,3,34
-0.4095,20.6054,0.166,0.0856,3,14,0,3,32
0.0398,20.6076,0.188,0.1248,3,14,1,3,32
0.4865,20.6166,0.209,0.1243,3,14,2,3,32
0.9294,20.6359,0.228,0.0882,3,14,3,3,32
2.2373,20.7504,0.273,0.1156,4,14,2,3,27
2.6704,20.7965,0.284,0.104,4,14,3,3,27
3.1047,20.8391,0.294,0.1127,5,14,0,3,27
3.5417,20.8742,0.303,0.0895,5,14,1,3,27
3.9826,20.8991,0.311,0.1138,5,14,2,3,27
4.4275,20.913,0.318,0.1208,5,14,3,3,27
4.8757,20.918,0.323,0.0804,6,14,0,3,27
6.2341,20.8946,0.331,0.1359,6,14,3,3,37
6.6951,20.8639,0.331,0.1031,7,14,0,3,37
7.1606,20.8207,0.33,0.0826,7,14,1,3,37
7.6295,20.7682,0.327,0.1227,7,14,2,3,37
8.0999,20.7114,0.322,0.0968,7,14,3,3,37
8.5698,20.6562,0.315,0.1488,8,14,0,3,37
9.9592,20.5467,0.278,0.0867,8,14,3,3,35
10.4132,20.5357,0.26,0.0854,9,14,0,3,35
11.7827,20.5227,0.197,0.1091,9,14,3,3,77
12.2643,20.5055,0.173,0.1457,10,14,0,3,77
12.7637,20.4786,0.147,0.1164,10,14,1,3,77
13.2778,20.4436,0.12,0.1345,10,14,2,3,77
13.8011,20.4037,0.091,0.1331,10,14,3,3,77
15.3534,20.2935,0.003,0.1438,11,14,2,3,74
15.844,20.2713,-0.026,0.1384,11,14,3,3,74
16.3167,20.259,-0.054,0.1113,12,14,0,3,74
17.6638,20.2617,-0.133,0.1176,12,14,3,3,80
18.0842,20.2809,-0.157,0.1263,13,14,0,3,80
18.4811,20.3153,-0.179,0.1428,13,14,1,3,80
19.567,20.4862,-0.236,0.1091,14,14,0,3,86
19.9212,20.5481,-0.253,0.0996,14,14,1,3,86
20.2873,20.6024,-0.27,0.1258,14,14,2,3,86
20.6728,20.6441,-0.287,0.1265,14,14,3,3,86
